1,198.228.234.145
1,198.228.234.145
1,198.228.234.145
1,198.228.234.145
1,198.228.234.145
1,198.228.234.145
1,198.228.234.145
1,198.228.234.145
1,198.228.234.145
1,198.228.234.145
1,198.228.234.145
1,198.228.234.145
1,198.228.234.145
1,198.228.234.145
1,198.228.234.145
1,198.228.234.145
1,198.228.234.145
1,198.228.234.145
1,198.228.234.145
1,198.228.234.145
1,198.228.234.145
1,198.228.234.145
1,198.228.234.145
1,198.228.234.145
1,198.228.234.145
1,198.228.234.145
1,198.228.234.145
1,198.228.234.145
1,198.228.234.145
1,198.228.234.145
1,198.228.234.145
1,198.228.234.145
1,198.228.234.145
1,198.228.234.145
1,198.228.234.145
1,198.228.234.145
1,198.228.234.145
1,198.228.234.145
1,198.228.234.145
1,198.228.234.145
1,198.228.234.145
1,198.228.234.145
1,198.228.234.145
1,198.228.234.145
1,198.228.234.145
1,198.228.234.145
1,198.228.234.145
1,198.228.234.145
1,198.228.234.145
1,198.228.234.145
1,198.228.234.145
1,198.228.234.145
1,198.228.234.145
1,198.228.234.145
1,198.228.234.145
1,198.228.234.145
1,198.228.234.145
1,198.228.234.145
1,198.228.234.145
1,198.228.234.145
1,198.228.234.145
1,198.228.234.145
1,198.228.234.145
1,198.228.234.145
1,198.228.234.145
1,198.228.234.145
1,198.228.234.145
1,198.228.234.145
1,198.228.234.145
1,198.228.234.145
1,198.228.234.145
1,198.228.234.145
1,198.228.234.145
1,198.228.234.145
1,198.228.234.145
1,198.228.234.145
1,198.228.234.145
1,198.228.234.145
1,198.228.234.145
1,198.228.234.145
1,198.228.234.145
1,198.228.234.145
1,198.228.234.145
1,198.228.234.145
1,198.228.234.145
1,198.228.234.145
1,198.228.234.145
1,198.228.234.145
1,198.228.234.145
1,198.228.234.145
1,198.228.234.145
1,198.228.234.145
1,198.228.234.145
1,198.228.234.145
1,198.228.234.145
1,198.228.234.145
1,198.228.234.145
1,198.228.234.145
1,198.228.234.145
1,198.228.234.145
1,198.228.234.145
1,198.228.234.145
1,198.228.234.145
1,198.228.234.145
1,198.228.234.145
1,198.228.234.145
1,198.228.234.145
1,198.228.234.145
1,198.228.234.145
1,198.228.234.145
1,198.228.234.145
1,198.228.234.145
1,198.228.234.145
1,198.228.234.145
1,198.228.234.145
1,198.228.234.145
1,198.228.234.145
1,198.228.234.145
1,198.228.234.145
1,198.228.234.145
1,198.228.234.145
1,198.228.234.145
1,198.228.234.145
1,198.228.234.145
1,198.228.234.145
1,198.228.234.145
1,198.228.234.145
1,198.228.234.145
1,198.228.234.145
1,198.228.234.145
1,198.228.234.145
1,198.228.234.145
1,198.228.234.145
1,198.228.234.145
1,198.228.234.145
1,198.228.234.145
1,198.228.234.145
1,198.228.234.145
1,198.228.234.145
1,198.228.234.145
1,198.228.234.145
1,198.228.234.145
1,198.228.234.145
1,198.228.234.145
1,198.228.234.145
1,198.228.234.145
1,198.228.234.145
1,198.228.234.145
1,198.228.234.145
1,198.228.234.145
1,198.228.234.145
1,198.228.234.145
1,198.228.234.145
1,198.228.234.145
1,198.228.234.145
1,198.228.234.145
1,198.228.234.145
1,198.228.234.145
1,198.228.234.145
1,198.228.234.145
1,198.228.234.145
1,198.228.234.145
1,198.228.234.145
1,198.228.234.145
1,198.228.234.145
1,198.228.234.145
1,198.228.234.145
1,198.228.234.145
1,198.228.234.145
1,198.228.234.145
1,198.228.234.145
1,198.228.234.145
1,198.228.234.145
1,198.228.234.145
1,198.228.234.145
1,198.228.234.145
1,198.228.234.145
1,198.228.234.145
1,198.228.234.145
1,198.228.234.145
1,198.228.234.145
1,198.228.234.145
1,198.228.234.145
1,198.228.234.145
1,198.228.234.145
1,198.228.234.145
1,198.228.234.145
1,198.228.234.145
1,198.228.234.145
1,198.228.234.145
1,198.228.234.145
1,198.228.234.145
1,198.228.234.145
1,198.228.234.145
1,198.228.234.145
1,198.228.234.145
1,198.228.234.145
1,198.228.234.145
1,198.228.234.145
1,198.228.234.145
1,198.228.234.145
1,198.228.234.145
1,198.228.234.145
1,198.228.234.145
1,198.228.234.145
1,198.228.234.145
1,198.228.234.145
1,198.228.234.145
1,198.228.234.145
1,198.228.234.145
1,198.228.234.145
1,198.228.234.145
1,198.228.234.145
1,198.228.234.145
1,198.228.234.145
1,198.228.234.145
1,198.228.234.145
1,198.228.234.145
1,198.228.234.145
1,198.228.234.145
1,198.228.234.145
1,198.228.234.145
1,198.228.234.145
1,198.228.234.145
1,198.228.234.145
1,198.228.234.145
1,198.228.234.145
1,198.228.234.145
1,198.228.234.145
1,198.228.234.145
1,198.228.234.145
1,198.228.234.145
1,198.228.234.145
1,198.228.234.145
1,198.228.234.145
1,198.228.234.145
1,198.228.234.145
1,198.228.234.145
1,198.228.234.145
1,198.228.234.145
1,198.228.234.145
1,198.228.234.145
1,198.228.234.145
1,198.228.234.145
1,198.228.234.145
1,198.228.234.145
1,198.228.234.145
1,198.228.234.145
1,198.228.234.145
1,198.228.234.145
1,198.228.234.145
1,198.228.234.145
1,198.228.234.145
1,198.228.234.145
1,198.228.234.145
1,198.228.234.145
1,198.228.234.145
1,198.228.234.145
1,198.228.234.145
1,198.228.234.145
1,198.228.234.145
1,198.228.234.145
1,198.228.234.145
1,198.228.234.145
1,198.228.234.145
1,198.228.234.145
1,198.228.234.145
1,198.228.234.145
1,198.228.234.145
1,198.228.234.145
1,198.228.234.145
1,198.228.234.145
1,198.228.234.145
1,198.228.234.145
1,198.228.234.145
1,198.228.234.145
1,198.228.234.145
1,198.228.234.145
1,198.228.234.145
1,198.228.234.145
1,198.228.234.145
1,198.228.234.145
1,198.228.234.145
1,198.228.234.145
1,198.228.234.145
1,198.228.234.145
1,198.228.234.145
1,198.228.234.145
1,198.228.234.145
1,198.228.234.145
1,198.228.234.145
1,198.228.234.145
1,198.228.234.145
1,198.228.234.145
1,198.228.234.145
1,198.228.234.145
1,198.228.234.145
1,198.228.234.145
1,198.228.234.145
1,198.228.234.145
1,198.228.234.145
1,198.228.234.145
1,198.228.234.145
1,198.228.234.145
1,198.228.234.145
1,198.228.234.145
1,198.228.234.145
1,198.228.234.145
1,198.228.234.145
1,198.228.234.145
1,198.228.234.145
1,198.228.234.145
1,198.228.234.145
1,198.228.234.145
1,198.228.234.145
1,198.228.234.145
1,198.228.234.145
1,198.228.234.145
1,198.228.234.145
1,198.228.234.145
1,198.228.234.145
1,198.228.234.145
1,198.228.234.145
1,198.228.234.145
1,198.228.234.145
1,198.228.234.145
1,198.228.234.145
1,198.228.234.145
1,198.228.234.145
1,198.228.234.145
1,198.228.234.145
1,198.228.234.145
1,198.228.234.145
1,198.228.234.145
1,198.228.234.145
1,198.228.234.145
1,198.228.234.145
1,198.228.234.145
1,198.228.234.145
1,198.228.234.145
1,198.228.234.145
1,198.228.234.145
1,198.228.234.145
1,198.228.234.145
1,198.228.234.145
1,198.228.234.145
1,198.228.234.145
1,198.228.234.145
1,198.228.234.145
1,198.228.234.145
1,198.228.234.145
1,198.228.234.145
1,198.228.234.145
1,198.228.234.145
1,198.228.234.145
1,198.228.234.145
1,198.228.234.145
1,198.228.234.145
1,198.228.234.145
1,198.228.234.145
1,198.228.234.145
1,198.228.234.145
1,198.228.234.145
1,198.228.234.145
1,198.228.234.145
1,198.228.234.145
1,198.228.234.145
1,198.228.234.145
1,198.228.234.145
1,198.228.234.145
1,198.228.234.145
1,198.228.234.145
1,198.228.234.145
1,198.228.234.145
1,198.228.234.145
1,198.228.234.145
1,198.228.234.145
1,198.228.234.145
1,198.228.234.145
1,198.228.234.145
1,198.228.234.145
1,198.228.234.145
1,198.228.234.145
1,198.228.234.145
1,198.228.234.145
1,198.228.234.145
1,198.228.234.145
1,198.228.234.145
1,198.228.234.145
1,198.228.234.145
1,198.228.234.145
1,198.228.234.145
1,198.228.234.145
1,198.228.234.145
1,198.228.234.145
1,198.228.234.145
1,198.228.234.145
1,198.228.234.145
1,198.228.234.145
1,198.228.234.145
1,198.228.234.145
1,198.228.234.145
1,198.228.234.145
1,198.228.234.145
1,198.228.234.145
1,198.228.234.145
1,198.228.234.145
1,198.228.234.145
1,198.228.234.145
1,198.228.234.145
1,198.228.234.145
1,198.228.234.145
1,198.228.234.145
1,198.228.234.145
1,198.228.234.145
1,198.228.234.145
1,198.228.234.145
1,198.228.234.145
1,198.228.234.145
1,198.228.234.145
1,198.228.234.145
1,198.228.234.145
1,198.228.234.145
1,198.228.234.145
1,198.228.234.145
1,198.228.234.145
1,198.228.234.145
1,198.228.234.145
1,198.228.234.145
1,198.228.234.145
1,198.228.234.145
1,198.228.234.145
1,198.228.234.145
1,198.228.234.145
1,198.228.234.145
1,198.228.234.145
1,198.228.234.145
1,198.228.234.145
1,198.228.234.145
1,198.228.234.145
1,198.228.234.145
1,198.228.234.145
1,198.228.234.145
1,198.228.234.145
1,198.228.234.145
1,198.228.234.145
1,198.228.234.145
1,198.228.234.145
1,198.228.234.145
1,198.228.234.145
1,198.228.234.145
1,198.228.234.145
1,198.228.234.145
1,198.228.234.145
1,198.228.234.145
1,198.228.234.145
1,198.228.234.145
1,198.228.234.145
1,198.228.234.145
1,198.228.234.145
1,198.228.234.145
1,198.228.234.145
1,198.228.234.145
1,198.228.234.145
1,198.228.234.145
1,198.228.234.145
1,198.228.234.145
1,198.228.234.145
1,198.228.234.145
1,198.228.234.145
1,198.228.234.145
1,198.228.234.145
1,198.228.234.145
1,198.228.234.145
1,198.228.234.145
1,198.228.234.145
1,198.228.234.145
1,198.228.234.145
1,198.228.234.145
1,198.228.234.145
1,198.228.234.145
1,198.228.234.145
1,198.228.234.145
1,198.228.234.145
1,198.228.234.145
1,198.228.234.145
1,198.228.234.145
1,198.228.234.145
1,198.228.234.145
1,198.228.234.145
1,198.228.234.145
1,198.228.234.145
1,198.228.234.145
1,198.228.234.145
1,198.228.234.145
1,198.228.234.145
1,198.228.234.145
1,198.228.234.145
1,198.228.234.145
1,198.228.234.145
1,198.228.234.145
1,198.228.234.145
1,198.228.234.145
1,198.228.234.145
1,198.228.234.145
1,198.228.234.145
1,198.228.234.145
1,198.228.234.145
1,198.228.234.145
1,198.228.234.145
1,198.228.234.145
1,198.228.234.145
1,198.228.234.145
1,198.228.234.145
1,198.228.234.145
1,198.228.234.145
1,198.228.234.145
1,198.228.234.145
1,198.228.234.145
1,198.228.234.145
1,198.228.234.145
1,198.228.234.145
1,198.228.234.145
1,198.228.234.145
1,198.228.234.145
1,198.228.234.145
1,198.228.234.145
1,198.228.234.145
1,198.228.234.145
1,198.228.234.145
1,198.228.234.145
1,198.228.234.145
1,198.228.234.145
1,198.228.234.145
1,198.228.234.145
1,198.228.234.145
1,198.228.234.145
1,198.228.234.145
1,198.228.234.145
1,198.228.234.145
1,198.228.234.145
1,198.228.234.145
1,198.228.234.145
1,198.228.234.145
1,198.228.234.145
1,198.228.234.145
1,198.228.234.145
1,198.228.234.145
1,198.228.234.145
1,198.228.234.145
1,198.228.234.145
1,198.228.234.145
1,198.228.234.145
1,198.228.234.145
1,198.228.234.145
1,198.228.234.145
1,198.228.234.145
1,198.228.234.145
1,198.228.234.145
1,198.228.234.145
1,198.228.234.145
1,198.228.234.145
1,198.228.234.145
1,198.228.234.145
1,198.228.234.145
1,198.228.234.145
1,198.228.234.145
1,198.228.234.145
1,198.228.234.145
1,198.228.234.145
1,198.228.234.145
1,198.228.234.145
1,198.228.234.145
1,198.228.234.145
1,198.228.234.145
1,198.228.234.145
1,198.228.234.145
1,198.228.234.145
1,198.228.234.145
1,198.228.234.145
1,198.228.234.145
1,198.228.234.145
1,198.228.234.145
1,198.228.234.145
1,198.228.234.145
1,198.228.234.145
1,198.228.234.145
1,198.228.234.145
1,198.228.234.145
1,198.228.234.145
1,198.228.234.145
1,198.228.234.145
1,198.228.234.145
1,198.228.234.145
1,198.228.234.145
1,198.228.234.145
1,198.228.234.145
1,198.228.234.145
1,198.228.234.145
1,198.228.234.145
1,198.228.234.145
1,198.228.234.145
1,198.228.234.145
1,198.228.234.145
1,198.228.234.145
1,198.228.234.145
1,198.228.234.145
1,198.228.234.145
1,198.228.234.145
1,198.228.234.145
1,198.228.234.145
1,198.228.234.145
1,198.228.234.145
1,198.228.234.145
1,198.228.234.145
1,198.228.234.145
1,198.228.234.145
1,198.228.234.145
1,198.228.234.145
1,198.228.234.145
1,198.228.234.145
1,198.228.234.145
1,198.228.234.145
1,198.228.234.145
1,198.228.234.145
1,198.228.234.145
1,198.228.234.145
1,198.228.234.145
1,198.228.234.145
1,198.228.234.145
1,198.228.234.145
1,198.228.234.145
1,198.228.234.145
1,198.228.234.145
1,198.228.234.145
1,198.228.234.145
1,198.228.234.145
1,198.228.234.145
1,198.228.234.145
1,198.228.234.145
1,198.228.234.145
1,198.228.234.145
1,198.228.234.145
1,198.228.234.145
1,198.228.234.145
1,198.228.234.145
1,198.228.234.145
1,198.228.234.145
1,198.228.234.145
1,198.228.234.145
1,198.228.234.145
1,198.228.234.145
1,198.228.234.145
1,198.228.234.145
1,198.228.234.145
1,198.228.234.145
1,198.228.234.145
1,198.228.234.145
1,198.228.234.145
1,198.228.234.145
1,198.228.234.145
1,198.228.234.145
1,198.228.234.145
1,198.228.234.145
1,198.228.234.145
1,198.228.234.145
1,198.228.234.145
1,198.228.234.145
1,198.228.234.145
1,198.228.234.145
1,198.228.234.145
1,198.228.234.145
1,198.228.234.145
1,198.228.234.145
1,198.228.234.145
1,198.228.234.145
1,198.228.234.145
1,198.228.234.145
1,198.228.234.145
1,198.228.234.145
1,198.228.234.145
1,198.228.234.145
1,198.228.234.145
1,198.228.234.145
1,198.228.234.145
1,198.228.234.145
1,198.228.234.145
1,198.228.234.145
1,198.228.234.145
1,198.228.234.145
1,198.228.234.145
1,198.228.234.145
1,198.228.234.145
1,198.228.234.145
1,198.228.234.145
1,198.228.234.145
1,198.228.234.145
1,198.228.234.145
1,198.228.234.145
1,198.228.234.145
1,198.228.234.145
1,198.228.234.145
1,198.228.234.145
1,198.228.234.145
1,198.228.234.145
1,198.228.234.145
1,198.228.234.145
1,198.228.234.145
1,198.228.234.145
1,198.228.234.145
1,198.228.234.145
1,198.228.234.145
1,198.228.234.145
1,198.228.234.145
1,198.228.234.145
1,198.228.234.145
1,198.228.234.145
1,198.228.234.145
1,198.228.234.145
1,198.228.234.145
1,198.228.234.145
1,198.228.234.145
1,198.228.234.145
1,198.228.234.145
1,198.228.234.145
1,198.228.234.145
1,198.228.234.145
1,198.228.234.145
1,198.228.234.145
1,198.228.234.145
1,198.228.234.145
1,198.228.234.145
1,198.228.234.145
1,198.228.234.145
1,198.228.234.145
1,198.228.234.145
1,198.228.234.145
1,198.228.234.145
1,198.228.234.145
1,198.228.234.145
1,198.228.234.145
1,198.228.234.145
1,198.228.234.145
1,198.228.234.145
1,198.228.234.145
1,198.228.234.145
1,198.228.234.145
1,198.228.234.145
1,198.228.234.145
1,198.228.234.145
1,198.228.234.145
1,198.228.234.145
1,198.228.234.145
1,198.228.234.145
1,198.228.234.145
1,198.228.234.145
1,198.228.234.145
1,198.228.234.145
1,198.228.234.145
1,198.228.234.145
1,198.228.234.145
1,198.228.234.145
1,198.228.234.145
1,198.228.234.145
1,198.228.234.145
1,198.228.234.145
1,198.228.234.145
1,198.228.234.145
1,198.228.234.145
1,198.228.234.145
1,198.228.234.145
1,198.228.234.145
1,198.228.234.145
1,198.228.234.145
1,198.228.234.145
1,198.228.234.145
1,198.228.234.145
1,198.228.234.145
1,198.228.234.145
1,198.228.234.145
1,198.228.234.145
1,198.228.234.145
1,198.228.234.145
1,198.228.234.145
1,198.228.234.145
1,198.228.234.145
1,198.228.234.145
1,198.228.234.145
1,198.228.234.145
1,198.228.234.145
1,198.228.234.145
1,198.228.234.145
1,198.228.234.145
1,198.228.234.145
1,198.228.234.145
1,198.228.234.145
1,198.228.234.145
1,198.228.234.145
1,198.228.234.145
1,198.228.234.145
1,198.228.234.145
1,198.228.234.145
1,198.228.234.145
1,198.228.234.145
1,198.228.234.145
1,198.228.234.145
1,198.228.234.145
1,198.228.234.145
1,198.228.234.145
1,198.228.234.145
1,198.228.234.145
1,198.228.234.145
1,198.228.234.145
1,198.228.234.145
1,198.228.234.145
1,198.228.234.145
1,198.228.234.145
1,198.228.234.145
1,198.228.234.145
1,198.228.234.145
1,198.228.234.145
1,198.228.234.145
1,198.228.234.145
1,198.228.234.145
1,198.228.234.145
1,198.228.234.145
1,198.228.234.145
1,198.228.234.145
1,198.228.234.145
1,198.228.234.145
1,198.228.234.145
1,198.228.234.145
1,198.228.234.145
1,198.228.234.145
1,198.228.234.145
1,198.228.234.145
1,198.228.234.145
1,198.228.234.145
1,198.228.234.145
1,198.228.234.145
1,198.228.234.145
1,198.228.234.145
1,198.228.234.145
1,198.228.234.145
1,198.228.234.145
1,198.228.234.145
1,198.228.234.145
1,198.228.234.145
1,198.228.234.145
1,198.228.234.145
1,198.228.234.145
1,198.228.234.145
1,198.228.234.145
1,198.228.234.145
1,198.228.234.145
1,198.228.234.145
1,198.228.234.145
1,198.228.234.145
1,198.228.234.145
1,198.228.234.145
1,198.228.234.145
1,198.228.234.145
1,198.228.234.145
1,198.228.234.145
1,198.228.234.145
1,198.228.234.145
1,198.228.234.145
1,198.228.234.145
1,198.228.234.145
1,198.228.234.145
1,198.228.234.145
1,198.228.234.145
1,198.228.234.145
1,198.228.234.145
1,198.228.234.145
1,198.228.234.145
1,198.228.234.145
1,198.228.234.145
1,198.228.234.145
1,198.228.234.145
1,198.228.234.145
1,198.228.234.145
1,198.228.234.145
1,198.228.234.145
1,198.228.234.145
1,198.228.234.145
1,198.228.234.145
1,198.228.234.145
1,198.228.234.145
1,198.228.234.145
1,198.228.234.145
1,198.228.234.145
1,198.228.234.145
1,198.228.234.145
1,198.228.234.145
1,198.228.234.145
1,198.228.234.145
1,198.228.234.145
1,198.228.234.145
1,198.228.234.145
1,198.228.234.145
1,198.228.234.145
1,198.228.234.145
1,198.228.234.145
1,198.228.234.145
1,198.228.234.145
1,198.228.234.145
1,198.228.234.145
1,198.228.234.145
1,198.228.234.145
1,198.228.234.145
1,198.228.234.145
1,198.228.234.145
1,198.228.234.145
1,198.228.234.145
1,198.228.234.145
1,198.228.234.145
1,198.228.234.145
1,198.228.234.145
1,198.228.234.145
1,198.228.234.145
1,198.228.234.145
1,198.228.234.145
1,198.228.234.145
1,198.228.234.145
1,198.228.234.145
1,198.228.234.145
1,198.228.234.145
1,198.228.234.145
1,198.228.234.145
1,198.228.234.145
1,198.228.234.145
1,198.228.234.145
1,198.228.234.145
1,198.228.234.145
1,198.228.234.145
1,198.228.234.145
1,198.228.234.145
1,198.228.234.145
1,198.228.234.145
1,198.228.234.145
1,198.228.234.145
1,198.228.234.145
1,198.228.234.145
1,198.228.234.145
1,198.228.234.145
1,198.228.234.145
1,198.228.234.145
1,198.228.234.145
1,198.228.234.145
1,198.228.234.145
1,198.228.234.145
1,198.228.234.145
1,198.228.234.145
1,198.228.234.145
1,198.228.234.145
1,198.228.234.145
1,198.228.234.145
1,198.228.234.145
1,198.228.234.145
1,198.228.234.145
1,198.228.234.145
1,198.228.234.145
1,198.228.234.145
1,198.228.234.145
1,198.228.234.145
1,198.228.234.145
1,198.228.234.145
1,198.228.234.145
1,198.228.234.145
1,198.228.234.145
1,198.228.234.145
1,198.228.234.145
1,198.228.234.145
1,198.228.234.145
1,198.228.234.145
1,198.228.234.145
1,198.228.234.145
1,198.228.234.145
1,198.228.234.145
1,198.228.234.145
1,198.228.234.145
1,198.228.234.145
1,198.228.234.145
1,198.228.234.145
1,198.228.234.145
1,198.228.234.145
1,198.228.234.145
1,198.228.234.145
1,198.228.234.145
1,198.228.234.145
1,198.228.234.145
1,198.228.234.145
1,198.228.234.145
1,198.228.234.145
1,198.228.234.145
1,198.228.234.145
1,198.228.234.145
1,198.228.234.145
1,198.228.234.145
1,198.228.234.145
1,198.228.234.145
1,198.228.234.145
1,198.228.234.145
1,198.228.234.145
1,198.228.234.145
1,198.228.234.145
1,198.228.234.145
1,198.228.234.145
1,198.228.234.145
1,198.228.234.145
1,198.228.234.145
1,198.228.234.145
1,198.228.234.145
1,198.228.234.145
1,198.228.234.145
1,198.228.234.145
1,198.228.234.145
1,198.228.234.145
1,198.228.234.145
1,198.228.234.145
1,198.228.234.145
1,198.228.234.145
1,198.228.234.145
1,198.228.234.145
1,198.228.234.145
1,198.228.234.145
1,198.228.234.145
1,198.228.234.145
1,198.228.234.145
1,198.228.234.145
1,198.228.234.145
1,198.228.234.145
1,198.228.234.145
1,198.228.234.145
1,198.228.234.145
1,198.228.234.145
1,198.228.234.145
1,198.228.234.145
1,198.228.234.145
1,198.228.234.145
1,198.228.234.145
1,198.228.234.145
1,198.228.234.145
1,198.228.234.145
1,198.228.234.145
1,198.228.234.145
1,198.228.234.145
1,198.228.234.145
1,198.228.234.145
1,198.228.234.145
1,198.228.234.145
1,198.228.234.145
1,198.228.234.145
1,198.228.234.145
1,198.228.234.145
1,198.228.234.145
1,198.228.234.145
1,198.228.234.145
1,198.228.234.145
1,198.228.234.145
1,198.228.234.145
1,198.228.234.145
1,198.228.234.145
1,198.228.234.145
1,198.228.234.145
1,198.228.234.145
1,198.228.234.145
1,198.228.234.145
1,198.228.234.145
1,198.228.234.145
1,198.228.234.145
1,198.228.234.145
1,198.228.234.145
1,198.228.234.145
1,198.228.234.145
1,198.228.234.145
1,198.228.234.145
1,198.228.234.145
1,198.228.234.145
1,198.228.234.145
1,198.228.234.145
1,198.228.234.145
1,198.228.234.145
1,198.228.234.145
1,198.228.234.145
1,198.228.234.145
1,198.228.234.145
1,198.228.234.145
1,198.228.234.145
1,198.228.234.145
1,198.228.234.145
1,198.228.234.145
1,198.228.234.145
1,198.228.234.145
1,198.228.234.145
1,198.228.234.145
1,198.228.234.145
1,198.228.234.145
1,198.228.234.145
1,198.228.234.145
1,198.228.234.145
1,198.228.234.145
1,198.228.234.145
1,198.228.234.145
1,198.228.234.145
1,198.228.234.145
1,198.228.234.145
1,198.228.234.145
1,198.228.234.145
1,198.228.234.145
1,198.228.234.145
1,198.228.234.145
1,198.228.234.145
1,198.228.234.145
1,198.228.234.145
1,198.228.234.145
1,198.228.234.145
1,198.228.234.145
1,198.228.234.145
1,198.228.234.145
1,198.228.234.145
1,198.228.234.145
1,198.228.234.145
1,198.228.234.145
1,198.228.234.145
1,198.228.234.145
1,198.228.234.145
1,198.228.234.145
1,198.228.234.145
1,198.228.234.145
1,198.228.234.145
1,198.228.234.145
1,198.228.234.145
1,198.228.234.145
1,198.228.234.145
1,198.228.234.145
1,198.228.234.145
1,198.228.234.145
1,198.228.234.145
1,198.228.234.145
1,198.228.234.145
1,198.228.234.145
1,198.228.234.145
1,198.228.234.145
1,198.228.234.145
1,198.228.234.145
1,198.228.234.145
1,198.228.234.145
1,198.228.234.145
1,198.228.234.145
1,198.228.234.145
1,198.228.234.145
1,198.228.234.145
1,198.228.234.145
1,198.228.234.145
1,198.228.234.145
1,198.228.234.145
1,198.228.234.145
1,198.228.234.145
1,198.228.234.145
1,198.228.234.145
1,198.228.234.145
1,198.228.234.145
1,198.228.234.145
1,198.228.234.145
1,198.228.234.145
1,198.228.234.145
1,198.228.234.145
1,198.228.234.145
1,198.228.234.145
1,198.228.234.145
1,198.228.234.145
1,198.228.234.145
1,198.228.234.145
1,198.228.234.145
1,198.228.234.145
1,198.228.234.145
1,198.228.234.145
1,198.228.234.145
1,198.228.234.145
1,198.228.234.145
1,198.228.234.145
1,198.228.234.145
1,198.228.234.145
1,198.228.234.145
1,198.228.234.145
1,198.228.234.145
1,198.228.234.145
1,198.228.234.145
1,198.228.234.145
1,198.228.234.145
1,198.228.234.145
1,198.228.234.145
1,198.228.234.145
1,198.228.234.145
1,198.228.234.145
1,198.228.234.145
1,198.228.234.145
1,198.228.234.145
1,198.228.234.145
1,198.228.234.145
1,198.228.234.145
1,198.228.234.145
1,198.228.234.145
1,198.228.234.145
1,198.228.234.145
1,198.228.234.145
1,198.228.234.145
1,198.228.234.145
1,198.228.234.145
1,198.228.234.145
1,198.228.234.145
1,198.228.234.145
1,198.228.234.145
1,198.228.234.145
1,198.228.234.145
1,198.228.234.145
1,198.228.234.145
1,198.228.234.145
1,198.228.234.145
1,198.228.234.145
1,198.228.234.145
1,198.228.234.145
1,198.228.234.145
1,198.228.234.145
1,198.228.234.145
1,198.228.234.145
1,198.228.234.145
1,198.228.234.145
1,198.228.234.145
1,198.228.234.145
1,198.228.234.145
1,198.228.234.145
1,198.228.234.145
1,198.228.234.145
1,198.228.234.145
1,198.228.234.145
1,198.228.234.145
1,198.228.234.145
1,198.228.234.145
1,198.228.234.145
1,198.228.234.145
1,198.228.234.145
1,198.228.234.145
1,198.228.234.145
1,198.228.234.145
1,198.228.234.145
1,198.228.234.145
1,198.228.234.145
1,198.228.234.145
1,198.228.234.145
1,198.228.234.145
1,198.228.234.145
1,198.228.234.145
1,198.228.234.145
1,198.228.234.145
1,198.228.234.145
1,198.228.234.145
1,198.228.234.145
1,198.228.234.145
1,198.228.234.145
1,198.228.234.145
1,198.228.234.145
1,198.228.234.145
1,198.228.234.145
1,198.228.234.145
1,198.228.234.145
1,198.228.234.145
1,198.228.234.145
1,198.228.234.145
1,198.228.234.145
1,198.228.234.145
1,198.228.234.145
1,198.228.234.145
1,198.228.234.145
1,198.228.234.145
1,198.228.234.145
1,198.228.234.145
1,198.228.234.145
1,198.228.234.145
1,198.228.234.145
1,198.228.234.145
1,198.228.234.145
1,198.228.234.145
1,198.228.234.145
1,198.228.234.145
1,198.228.234.145
1,198.228.234.145
1,198.228.234.145
1,198.228.234.145
1,198.228.234.145
1,198.228.234.145
1,198.228.234.145
1,198.228.234.145
1,198.228.234.145
1,198.228.234.145
1,198.228.234.145
1,198.228.234.145
1,198.228.234.145
1,198.228.234.145
1,198.228.234.145
1,198.228.234.145
1,198.228.234.145
1,198.228.234.145
1,198.228.234.145
1,198.228.234.145
1,198.228.234.145
1,198.228.234.145
1,198.228.234.145
1,198.228.234.145
1,198.228.234.145
1,198.228.234.145
1,198.228.234.145
1,198.228.234.145
1,198.228.234.145
1,198.228.234.145
1,198.228.234.145
1,198.228.234.145
1,198.228.234.145
1,198.228.234.145
1,198.228.234.145
1,198.228.234.145
1,198.228.234.145
1,198.228.234.145
1,198.228.234.145
1,198.228.234.145
1,198.228.234.145
1,198.228.234.145
1,198.228.234.145
1,198.228.234.145
1,198.228.234.145
1,198.228.234.145
1,198.228.234.145
1,198.228.234.145
1,198.228.234.145
1,198.228.234.145
1,198.228.234.145
1,198.228.234.145
1,198.228.234.145
1,198.228.234.145
1,198.228.234.145
1,198.228.234.145
1,198.228.234.145
1,198.228.234.145
1,198.228.234.145
1,198.228.234.145
1,198.228.234.145
1,198.228.234.145
1,198.228.234.145
1,198.228.234.145
1,198.228.234.145
1,198.228.234.145
1,198.228.234.145
1,198.228.234.145
1,198.228.234.145
1,198.228.234.145
1,198.228.234.145
1,198.228.234.145
1,198.228.234.145
1,198.228.234.145
1,198.228.234.145
1,198.228.234.145
1,198.228.234.145
1,198.228.234.145
1,198.228.234.145
1,198.228.234.145
1,198.228.234.145
1,198.228.234.145
1,198.228.234.145
1,198.228.234.145
1,198.228.234.145
1,198.228.234.145
1,198.228.234.145
1,198.228.234.145
1,198.228.234.145
1,198.228.234.145
1,198.228.234.145
1,198.228.234.145
1,198.228.234.145
1,198.228.234.145
1,198.228.234.145
1,198.228.234.145
1,198.228.234.145
1,198.228.234.145
1,198.228.234.145
1,198.228.234.145
1,198.228.234.145
1,198.228.234.145
1,198.228.234.145
1,198.228.234.145
1,198.228.234.145
1,198.228.234.145
1,198.228.234.145
1,198.228.234.145
1,198.228.234.145
1,198.228.234.145
1,198.228.234.145
1,198.228.234.145
1,198.228.234.145
1,198.228.234.145
1,198.228.234.145
1,198.228.234.145
1,198.228.234.145
1,198.228.234.145
1,198.228.234.145
1,198.228.234.145
1,198.228.234.145
1,198.228.234.145
1,198.228.234.145
1,198.228.234.145
1,198.228.234.145
1,198.228.234.145
1,198.228.234.145
1,198.228.234.145
1,198.228.234.145
1,198.228.234.145
1,198.228.234.145
1,198.228.234.145
1,198.228.234.145
1,198.228.234.145
1,198.228.234.145
1,198.228.234.145
1,198.228.234.145
1,198.228.234.145
1,198.228.234.145
1,198.228.234.145
1,198.228.234.145
1,198.228.234.145
1,198.228.234.145
1,198.228.234.145
1,198.228.234.145
1,198.228.234.145
1,198.228.234.145
1,198.228.234.145
1,198.228.234.145
1,198.228.234.145
1,198.228.234.145
1,198.228.234.145
1,198.228.234.145
1,198.228.234.145
1,198.228.234.145
1,198.228.234.145
1,198.228.234.145
1,198.228.234.145
1,198.228.234.145
1,198.228.234.145
1,198.228.234.145
1,198.228.234.145
1,198.228.234.145
1,198.228.234.145
1,198.228.234.145
1,198.228.234.145
1,198.228.234.145
1,198.228.234.145
1,198.228.234.145
1,198.228.234.145
1,198.228.234.145
1,198.228.234.145
1,198.228.234.145
1,198.228.234.145
1,198.228.234.145
1,198.228.234.145
1,198.228.234.145
1,198.228.234.145
1,198.228.234.145
1,198.228.234.145
1,198.228.234.145
1,198.228.234.145
1,198.228.234.145
1,198.228.234.145
1,198.228.234.145
1,198.228.234.145
1,198.228.234.145
1,198.228.234.145
1,198.228.234.145
1,198.228.234.145
1,198.228.234.145
1,198.228.234.145
1,198.228.234.145
1,198.228.234.145
1,198.228.234.145
1,198.228.234.145
1,198.228.234.145
1,198.228.234.145
1,198.228.234.145
1,198.228.234.145
1,198.228.234.145
1,198.228.234.145
1,198.228.234.145
1,198.228.234.145
1,198.228.234.145
1,198.228.234.145
1,198.228.234.145
1,198.228.234.145
1,198.228.234.145
1,198.228.234.145
1,198.228.234.145
1,198.228.234.145
1,198.228.234.145
1,198.228.234.145
1,198.228.234.145
1,198.228.234.145
1,198.228.234.145
1,198.228.234.145
1,198.228.234.145
1,198.228.234.145
1,198.228.234.145
1,198.228.234.145
1,198.228.234.145
1,198.228.234.145
1,198.228.234.145
1,198.228.234.145
1,198.228.234.145
1,198.228.234.145
1,198.228.234.145
1,198.228.234.145
1,198.228.234.145
1,198.228.234.145
1,198.228.234.145
1,198.228.234.145
1,198.228.234.145
1,198.228.234.145
1,198.228.234.145
1,198.228.234.145
1,198.228.234.145
1,198.228.234.145
1,198.228.234.145
1,198.228.234.145
1,198.228.234.145
1,198.228.234.145
1,198.228.234.145
1,198.228.234.145
1,198.228.234.145
1,198.228.234.145
1,198.228.234.145
1,198.228.234.145
1,198.228.234.145
1,198.228.234.145
1,198.228.234.145
1,198.228.234.145
1,198.228.234.145
1,198.228.234.145
1,198.228.234.145
1,198.228.234.145
1,198.228.234.145
1,198.228.234.145
1,198.228.234.145
1,198.228.234.145
1,198.228.234.145
1,198.228.234.145
1,198.228.234.145
1,198.228.234.145
1,198.228.234.145
1,198.228.234.145
1,198.228.234.145
1,198.228.234.145
1,198.228.234.145
1,198.228.234.145
1,198.228.234.145
1,198.228.234.145
1,198.228.234.145
1,198.228.234.145
1,198.228.234.145
1,198.228.234.145
1,198.228.234.145
1,198.228.234.145
1,198.228.234.145
1,198.228.234.145
1,198.228.234.145
1,198.228.234.145
1,198.228.234.145
1,198.228.234.145
1,198.228.234.145
1,198.228.234.145
1,198.228.234.145
1,198.228.234.145
1,198.228.234.145
1,198.228.234.145
1,198.228.234.145
1,198.228.234.145
1,198.228.234.145
1,198.228.234.145
1,198.228.234.145
1,198.228.234.145
1,198.228.234.145
1,198.228.234.145
1,198.228.234.145
1,198.228.234.145
1,198.228.234.145
1,198.228.234.145
1,198.228.234.145
1,198.228.234.145
1,198.228.234.145
1,198.228.234.145
1,198.228.234.145
1,198.228.234.145
1,198.228.234.145
1,198.228.234.145
1,198.228.234.145
1,198.228.234.145
1,198.228.234.145
1,198.228.234.145
1,198.228.234.145
1,198.228.234.145
1,198.228.234.145
1,198.228.234.145
1,198.228.234.145
1,198.228.234.145
1,198.228.234.145
1,198.228.234.145
1,198.228.234.145
1,198.228.234.145
1,198.228.234.145
1,198.228.234.145
1,198.228.234.145
1,198.228.234.145
1,198.228.234.145
1,198.228.234.145
1,198.228.234.145
1,198.228.234.145
1,198.228.234.145
1,198.228.234.145
1,198.228.234.145
1,198.228.234.145
1,198.228.234.145
1,198.228.234.145
1,198.228.234.145
1,198.228.234.145
1,198.228.234.145
1,198.228.234.145
1,198.228.234.145
1,198.228.234.145
1,198.228.234.145
1,198.228.234.145
1,198.228.234.145
1,198.228.234.145
1,198.228.234.145
1,198.228.234.145
1,198.228.234.145
1,198.228.234.145
1,198.228.234.145
1,198.228.234.145
1,198.228.234.145
1,198.228.234.145
1,198.228.234.145
1,198.228.234.145
1,198.228.234.145
1,198.228.234.145
1,198.228.234.145
1,198.228.234.145
1,198.228.234.145
1,198.228.234.145
1,198.228.234.145
1,198.228.234.145
1,198.228.234.145
1,198.228.234.145
1,198.228.234.145
1,198.228.234.145
1,198.228.234.145
1,198.228.234.145
1,198.228.234.145
1,198.228.234.145
1,198.228.234.145
1,198.228.234.145
1,198.228.234.145
1,198.228.234.145
1,198.228.234.145
1,198.228.234.145
1,198.228.234.145
1,198.228.234.145
1,198.228.234.145
1,198.228.234.145
1,198.228.234.145
1,198.228.234.145
1,198.228.234.145
1,198.228.234.145
1,198.228.234.145
1,198.228.234.145
1,198.228.234.145
1,198.228.234.145
1,198.228.234.145
1,198.228.234.145
1,198.228.234.145
1,198.228.234.145
1,198.228.234.145
1,198.228.234.145
1,198.228.234.145
1,198.228.234.145
1,198.228.234.145
1,198.228.234.145
1,198.228.234.145
1,198.228.234.145
1,198.228.234.145
1,198.228.234.145
1,198.228.234.145
1,198.228.234.145
1,198.228.234.145
1,198.228.234.145
1,198.228.234.145
1,198.228.234.145
1,198.228.234.145
1,198.228.234.145
1,198.228.234.145
1,198.228.234.145
1,198.228.234.145
1,198.228.234.145
1,198.228.234.145
1,198.228.234.145
1,198.228.234.145
1,198.228.234.145
1,198.228.234.145
1,198.228.234.145
1,198.228.234.145
1,198.228.234.145
1,198.228.234.145
1,198.228.234.145
1,198.228.234.145
1,198.228.234.145
1,198.228.234.145
1,198.228.234.145
1,198.228.234.145
1,198.228.234.145
1,198.228.234.145
1,198.228.234.145
1,198.228.234.145
1,198.228.234.145
1,198.228.234.145
1,198.228.234.145
1,198.228.234.145
1,198.228.234.145
1,198.228.234.145
1,198.228.234.145
1,198.228.234.145
1,198.228.234.145
1,198.228.234.145
1,198.228.234.145
1,198.228.234.145
1,198.228.234.145
1,198.228.234.145
1,198.228.234.145
1,198.228.234.145
1,198.228.234.145
1,198.228.234.145
1,198.228.234.145
1,198.228.234.145
1,198.228.234.145
1,198.228.234.145
1,198.228.234.145
1,198.228.234.145
1,198.228.234.145
1,198.228.234.145
1,198.228.234.145
1,198.228.234.145
1,198.228.234.145
1,198.228.234.145
1,198.228.234.145
1,198.228.234.145
1,198.228.234.145
1,198.228.234.145
1,198.228.234.145
1,198.228.234.145
1,198.228.234.145
1,198.228.234.145
1,198.228.234.145
1,198.228.234.145
1,198.228.234.145
1,198.228.234.145
1,198.228.234.145
1,198.228.234.145
1,198.228.234.145
1,198.228.234.145
1,198.228.234.145
1,198.228.234.145
1,198.228.234.145
1,198.228.234.145
1,198.228.234.145
1,198.228.234.145
1,198.228.234.145
1,198.228.234.145
1,198.228.234.145
1,198.228.234.145
1,198.228.234.145
1,198.228.234.145
1,198.228.234.145
1,198.228.234.145
1,198.228.234.145
1,198.228.234.145
1,198.228.234.145
1,198.228.234.145
1,198.228.234.145
1,198.228.234.145
1,198.228.234.145
1,198.228.234.145
1,198.228.234.145
1,198.228.234.145
1,198.228.234.145
1,198.228.234.145
1,198.228.234.145
1,198.228.234.145
1,198.228.234.145
1,198.228.234.145
1,198.228.234.145
1,198.228.234.145
1,198.228.234.145
1,198.228.234.145
1,198.228.234.145
1,198.228.234.145
1,198.228.234.145
1,198.228.234.145
1,198.228.234.145
1,198.228.234.145
1,198.228.234.145
1,198.228.234.145
1,198.228.234.145
1,198.228.234.145
1,198.228.234.145
1,198.228.234.145
1,198.228.234.145
1,198.228.234.145
1,198.228.234.145
1,198.228.234.145
1,198.228.234.145
1,198.228.234.145
1,198.228.234.145
1,198.228.234.145
1,198.228.234.145
1,198.228.234.145
1,198.228.234.145
1,198.228.234.145
1,198.228.234.145
1,198.228.234.145
1,198.228.234.145
1,198.228.234.145
1,198.228.234.145
1,198.228.234.145
1,198.228.234.145
1,198.228.234.145
1,198.228.234.145
1,198.228.234.145
1,198.228.234.145
1,198.228.234.145
1,198.228.234.145
1,198.228.234.145
1,198.228.234.145
1,198.228.234.145
1,198.228.234.145
1,198.228.234.145
1,198.228.234.145
1,198.228.234.145
1,198.228.234.145
1,198.228.234.145
1,198.228.234.145
1,198.228.234.145
1,198.228.234.145
1,198.228.234.145
1,198.228.234.145
1,198.228.234.145
1,198.228.234.145
1,198.228.234.145
1,198.228.234.145
1,198.228.234.145
1,198.228.234.145
1,198.228.234.145
1,198.228.234.145
1,198.228.234.145
1,198.228.234.145
1,198.228.234.145
1,198.228.234.145
1,198.228.234.145
1,198.228.234.145
1,198.228.234.145
1,198.228.234.145
1,198.228.234.145
1,198.228.234.145
1,198.228.234.145
1,198.228.234.145
1,198.228.234.145
1,198.228.234.145
1,198.228.234.145
1,198.228.234.145
1,198.228.234.145
1,198.228.234.145
1,198.228.234.145
1,198.228.234.145
1,198.228.234.145
1,198.228.234.145
1,198.228.234.145
1,198.228.234.145
1,198.228.234.145
1,198.228.234.145
1,198.228.234.145
1,198.228.234.145
1,198.228.234.145
1,198.228.234.145
1,198.228.234.145
1,198.228.234.145
1,198.228.234.145
1,198.228.234.145
1,198.228.234.145
1,198.228.234.145
1,198.228.234.145
1,198.228.234.145
1,198.228.234.145
1,198.228.234.145
1,198.228.234.145
1,198.228.234.145
1,198.228.234.145
1,198.228.234.145
1,198.228.234.145
1,198.228.234.145
1,198.228.234.145
1,198.228.234.145
1,198.228.234.145
1,198.228.234.145
1,198.228.234.145
1,198.228.234.145
1,198.228.234.145
1,198.228.234.145
1,198.228.234.145
1,198.228.234.145
1,198.228.234.145
1,198.228.234.145
1,198.228.234.145
1,198.228.234.145
1,198.228.234.145
1,198.228.234.145
1,198.228.234.145
1,198.228.234.145
1,198.228.234.145
1,198.228.234.145
1,198.228.234.145
1,198.228.234.145
1,198.228.234.145
1,198.228.234.145
1,198.228.234.145
1,198.228.234.145
1,198.228.234.145
1,198.228.234.145
1,198.228.234.145
1,198.228.234.145
1,198.228.234.145
1,198.228.234.145
1,198.228.234.145
1,198.228.234.145
1,198.228.234.145
1,198.228.234.145
1,198.228.234.145
1,198.228.234.145
1,198.228.234.145
1,198.228.234.145
1,198.228.234.145
1,198.228.234.145
1,198.228.234.145
1,198.228.234.145
1,198.228.234.145
1,198.228.234.145
1,198.228.234.145
1,198.228.234.145
1,198.228.234.145
1,198.228.234.145
1,198.228.234.145
1,198.228.234.145
1,198.228.234.145
1,198.228.234.145
1,198.228.234.145
1,198.228.234.145
1,198.228.234.145
1,198.228.234.145
1,198.228.234.145
1,198.228.234.145
1,198.228.234.145
1,198.228.234.145
1,198.228.234.145
1,198.228.234.145
1,198.228.234.145
1,198.228.234.145
1,198.228.234.145
1,198.228.234.145
1,198.228.234.145
1,198.228.234.145
1,198.228.234.145
1,198.228.234.145
1,198.228.234.145
1,198.228.234.145
1,198.228.234.145
1,198.228.234.145
1,198.228.234.145
1,198.228.234.145
1,198.228.234.145
1,198.228.234.145
1,198.228.234.145
1,198.228.234.145
1,198.228.234.145
1,198.228.234.145
1,198.228.234.145
1,198.228.234.145
1,198.228.234.145
1,198.228.234.145
1,198.228.234.145
1,198.228.234.145
1,198.228.234.145
1,198.228.234.145
1,198.228.234.145
1,198.228.234.145
1,198.228.234.145
1,198.228.234.145
1,198.228.234.145
1,198.228.234.145
1,198.228.234.145
1,198.228.234.145
1,198.228.234.145
1,198.228.234.145
1,198.228.234.145
1,198.228.234.145
1,198.228.234.145
1,198.228.234.145
1,198.228.234.145
1,198.228.234.145
1,198.228.234.145
1,198.228.234.145
1,198.228.234.145
1,198.228.234.145
1,198.228.234.145
1,198.228.234.145
1,198.228.234.145
1,198.228.234.145
1,198.228.234.145
1,198.228.234.145
1,198.228.234.145
1,198.228.234.145
1,198.228.234.145
1,198.228.234.145
1,198.228.234.145
1,198.228.234.145
1,198.228.234.145
1,198.228.234.145
1,198.228.234.145
1,198.228.234.145
1,198.228.234.145
1,198.228.234.145
1,198.228.234.145
1,198.228.234.145
1,198.228.234.145
1,198.228.234.145
1,198.228.234.145
1,198.228.234.145
1,198.228.234.145
1,198.228.234.145
1,198.228.234.145
1,198.228.234.145
1,198.228.234.145
1,198.228.234.145
1,198.228.234.145
1,198.228.234.145
1,198.228.234.145
1,198.228.234.145
1,198.228.234.145
1,198.228.234.145
1,198.228.234.145
1,198.228.234.145
1,198.228.234.145
1,198.228.234.145
1,198.228.234.145
1,198.228.234.145
1,198.228.234.145
1,198.228.234.145
1,198.228.234.145
1,198.228.234.145
1,198.228.234.145
1,198.228.234.145
1,198.228.234.145
1,198.228.234.145
1,198.228.234.145
1,198.228.234.145
1,198.228.234.145
1,198.228.234.145
1,198.228.234.145
1,198.228.234.145
1,198.228.234.145
1,198.228.234.145
1,198.228.234.145
1,198.228.234.145
1,198.228.234.145
1,198.228.234.145
1,198.228.234.145
1,198.228.234.145
1,198.228.234.145
1,198.228.234.145
1,198.228.234.145
1,198.228.234.145
1,198.228.234.145
1,198.228.234.145
1,198.228.234.145
1,198.228.234.145
1,198.228.234.145
1,198.228.234.145
1,198.228.234.145
1,198.228.234.145
1,198.228.234.145
1,198.228.234.145
1,198.228.234.145
1,198.228.234.145
1,198.228.234.145
1,198.228.234.145
1,198.228.234.145
1,198.228.234.145
1,198.228.234.145
1,198.228.234.145
1,198.228.234.145
1,198.228.234.145
1,198.228.234.145
1,198.228.234.145
1,198.228.234.145
1,198.228.234.145
1,198.228.234.145
1,198.228.234.145
1,198.228.234.145
1,198.228.234.145
1,198.228.234.145
1,198.228.234.145
1,198.228.234.145
1,198.228.234.145
1,198.228.234.145
1,198.228.234.145
1,198.228.234.145
1,198.228.234.145
1,198.228.234.145
1,198.228.234.145
1,198.228.234.145
1,198.228.234.145
1,198.228.234.145
1,198.228.234.145
1,198.228.234.145
1,198.228.234.145
1,198.228.234.145
1,198.228.234.145
1,198.228.234.145
1,198.228.234.145
1,198.228.234.145
1,198.228.234.145
1,198.228.234.145
1,198.228.234.145
1,198.228.234.145
1,198.228.234.145
1,198.228.234.145
1,198.228.234.145
1,198.228.234.145
1,198.228.234.145
1,198.228.234.145
1,198.228.234.145
1,198.228.234.145
1,198.228.234.145
1,198.228.234.145
1,198.228.234.145
1,198.228.234.145
1,198.228.234.145
1,198.228.234.145
1,198.228.234.145
1,198.228.234.145
1,198.228.234.145
1,198.228.234.145
1,198.228.234.145
1,198.228.234.145
1,198.228.234.145
1,198.228.234.145
1,198.228.234.145
1,198.228.234.145
1,198.228.234.145
1,198.228.234.145
1,198.228.234.145
1,198.228.234.145
1,198.228.234.145
1,198.228.234.145
1,198.228.234.145
1,198.228.234.145
1,198.228.234.145
1,198.228.234.145
1,198.228.234.145
1,198.228.234.145
1,198.228.234.145
1,198.228.234.145
1,198.228.234.145
1,198.228.234.145
1,198.228.234.145
1,198.228.234.145
1,198.228.234.145
1,198.228.234.145
1,198.228.234.145
1,198.228.234.145
1,198.228.234.145
1,198.228.234.145
1,198.228.234.145
1,198.228.234.145
1,198.228.234.145
1,198.228.234.145
1,198.228.234.145
1,198.228.234.145
1,198.228.234.145
1,198.228.234.145
1,198.228.234.145
1,198.228.234.145
1,198.228.234.145
1,198.228.234.145
1,198.228.234.145
1,198.228.234.145
1,198.228.234.145
1,198.228.234.145
1,198.228.234.145
1,198.228.234.145
1,198.228.234.145
1,198.228.234.145
1,198.228.234.145
1,198.228.234.145
1,198.228.234.145
1,198.228.234.145
1,198.228.234.145
1,198.228.234.145
1,198.228.234.145
1,198.228.234.145
1,198.228.234.145
1,198.228.234.145
1,198.228.234.145
1,198.228.234.145
1,198.228.234.145
1,198.228.234.145
1,198.228.234.145
1,198.228.234.145
1,198.228.234.145
1,198.228.234.145
1,198.228.234.145
1,198.228.234.145
1,198.228.234.145
1,198.228.234.145
1,198.228.234.145
1,198.228.234.145
1,198.228.234.145
1,198.228.234.145
1,198.228.234.145
1,198.228.234.145
1,198.228.234.145
1,198.228.234.145
1,198.228.234.145
1,198.228.234.145
1,198.228.234.145
1,198.228.234.145
1,198.228.234.145
1,198.228.234.145
1,198.228.234.145
1,198.228.234.145
1,198.228.234.145
1,198.228.234.145
1,198.228.234.145
1,198.228.234.145
1,198.228.234.145
1,198.228.234.145
1,198.228.234.145
1,198.228.234.145
1,198.228.234.145
1,198.228.234.145
1,198.228.234.145
1,198.228.234.145
1,198.228.234.145
1,198.228.234.145
1,198.228.234.145
1,198.228.234.145
1,198.228.234.145
1,198.228.234.145
1,198.228.234.145
1,198.228.234.145
1,198.228.234.145
1,198.228.234.145
1,198.228.234.145
1,198.228.234.145
1,198.228.234.145
1,198.228.234.145
1,198.228.234.145
1,198.228.234.145
1,198.228.234.145
1,198.228.234.145
1,198.228.234.145
1,198.228.234.145
1,198.228.234.145
1,198.228.234.145
1,198.228.234.145
1,198.228.234.145
1,198.228.234.145
1,198.228.234.145
1,198.228.234.145
1,198.228.234.145
1,198.228.234.145
1,198.228.234.145
1,198.228.234.145
1,198.228.234.145
1,198.228.234.145
1,198.228.234.145
1,198.228.234.145
1,198.228.234.145
1,198.228.234.145
1,198.228.234.145
1,198.228.234.145
1,198.228.234.145
1,198.228.234.145
1,198.228.234.145
1,198.228.234.145
1,198.228.234.145
1,198.228.234.145
1,198.228.234.145
1,198.228.234.145
1,198.228.234.145
1,198.228.234.145
1,198.228.234.145
1,198.228.234.145
1,198.228.234.145
1,198.228.234.145
1,198.228.234.145
1,198.228.234.145
1,198.228.234.145
1,198.228.234.145
1,198.228.234.145
1,198.228.234.145
1,198.228.234.145
1,198.228.234.145
1,198.228.234.145
1,198.228.234.145
1,198.228.234.145
1,198.228.234.145
1,198.228.234.145
1,198.228.234.145
1,198.228.234.145
1,198.228.234.145
1,198.228.234.145
1,198.228.234.145
1,198.228.234.145
1,198.228.234.145
1,198.228.234.145
1,198.228.234.145
1,198.228.234.145
1,198.228.234.145
1,198.228.234.145
1,198.228.234.145
1,198.228.234.145
1,198.228.234.145
1,198.228.234.145
1,198.228.234.145
1,198.228.234.145
1,198.228.234.145
1,198.228.234.145
1,198.228.234.145
1,198.228.234.145
1,198.228.234.145
1,198.228.234.145
1,198.228.234.145
1,198.228.234.145
1,198.228.234.145
1,198.228.234.145
1,198.228.234.145
1,198.228.234.145
1,198.228.234.145
1,198.228.234.145
1,198.228.234.145
1,198.228.234.145
1,198.228.234.145
1,198.228.234.145
1,198.228.234.145
1,198.228.234.145
1,198.228.234.145
1,198.228.234.145
1,198.228.234.145
1,198.228.234.145
1,198.228.234.145
1,198.228.234.145
1,198.228.234.145
1,198.228.234.145
1,198.228.234.145
1,198.228.234.145
1,198.228.234.145
1,198.228.234.145
1,198.228.234.145
1,198.228.234.145
1,198.228.234.145
1,198.228.234.145
1,198.228.234.145
1,198.228.234.145
1,198.228.234.145
1,198.228.234.145
1,198.228.234.145
1,198.228.234.145
1,198.228.234.145
1,198.228.234.145
1,198.228.234.145
1,198.228.234.145
1,198.228.234.145
1,198.228.234.145
1,198.228.234.145
1,198.228.234.145
1,198.228.234.145
1,198.228.234.145
1,198.228.234.145
1,198.228.234.145
1,198.228.234.145
1,198.228.234.145
1,198.228.234.145
1,198.228.234.145
1,198.228.234.145
1,198.228.234.145
1,198.228.234.145
1,198.228.234.145
1,198.228.234.145
1,198.228.234.145
1,198.228.234.145
1,198.228.234.145
1,198.228.234.145
1,198.228.234.145
1,198.228.234.145
1,198.228.234.145
1,198.228.234.145
1,198.228.234.145
1,198.228.234.145
1,198.228.234.145
1,198.228.234.145
1,198.228.234.145
1,198.228.234.145
1,198.228.234.145
1,198.228.234.145
1,198.228.234.145
1,198.228.234.145
1,198.228.234.145
1,198.228.234.145
1,198.228.234.145
1,198.228.234.145
1,198.228.234.145
1,198.228.234.145
1,198.228.234.145
1,198.228.234.145
1,198.228.234.145
1,198.228.234.145
1,198.228.234.145
1,198.228.234.145
1,198.228.234.145
1,198.228.234.145
1,198.228.234.145
1,198.228.234.145
1,198.228.234.145
1,198.228.234.145
1,198.228.234.145
1,198.228.234.145
1,198.228.234.145
1,198.228.234.145
1,198.228.234.145
1,198.228.234.145
1,198.228.234.145
1,198.228.234.145
1,198.228.234.145
1,198.228.234.145
1,198.228.234.145
1,198.228.234.145
1,198.228.234.145
1,198.228.234.145
1,198.228.234.145
1,198.228.234.145
1,198.228.234.145
1,198.228.234.145
1,198.228.234.145
1,198.228.234.145
1,198.228.234.145
1,198.228.234.145
1,198.228.234.145
1,198.228.234.145
1,198.228.234.145
1,198.228.234.145
1,198.228.234.145
1,198.228.234.145
1,198.228.234.145
1,198.228.234.145
1,198.228.234.145
1,198.228.234.145
1,198.228.234.145
1,198.228.234.145
1,198.228.234.145
1,198.228.234.145
1,198.228.234.145
1,198.228.234.145
1,198.228.234.145
1,198.228.234.145
1,198.228.234.145
1,198.228.234.145
1,198.228.234.145
1,198.228.234.145
1,198.228.234.145
1,198.228.234.145
1,198.228.234.145
1,198.228.234.145
1,198.228.234.145
1,198.228.234.145
1,198.228.234.145
1,198.228.234.145
1,198.228.234.145
1,198.228.234.145
1,198.228.234.145
1,198.228.234.145
1,198.228.234.145
1,198.228.234.145
1,198.228.234.145
1,198.228.234.145
1,198.228.234.145
1,198.228.234.145
1,198.228.234.145
1,198.228.234.145
1,198.228.234.145
1,198.228.234.145
1,198.228.234.145
1,198.228.234.145
1,198.228.234.145
1,198.228.234.145
1,198.228.234.145
1,198.228.234.145
1,198.228.234.145
1,198.228.234.145
1,198.228.234.145
1,198.228.234.145
1,198.228.234.145
1,198.228.234.145
1,198.228.234.145
1,198.228.234.145
1,198.228.234.145
1,198.228.234.145
1,198.228.234.145
1,198.228.234.145
1,198.228.234.145
1,198.228.234.145
1,198.228.234.145
1,198.228.234.145
1,198.228.234.145
1,198.228.234.145
1,198.228.234.145
1,198.228.234.145
1,198.228.234.145
1,198.228.234.145
1,198.228.234.145
1,198.228.234.145
1,198.228.234.145
1,198.228.234.145
1,198.228.234.145
1,198.228.234.145
1,198.228.234.145
1,198.228.234.145
1,198.228.234.145
1,198.228.234.145
1,198.228.234.145
1,198.228.234.145
1,198.228.234.145
1,198.228.234.145
1,198.228.234.145
1,198.228.234.145
1,198.228.234.145
1,198.228.234.145
1,198.228.234.145
1,198.228.234.145
1,198.228.234.145
1,198.228.234.145
1,198.228.234.145
1,198.228.234.145
1,198.228.234.145
1,198.228.234.145
1,198.228.234.145
1,198.228.234.145
1,198.228.234.145
1,198.228.234.145
1,198.228.234.145
1,198.228.234.145
1,198.228.234.145
1,198.228.234.145
1,198.228.234.145
1,198.228.234.145
1,198.228.234.145
1,198.228.234.145
1,198.228.234.145
1,198.228.234.145
1,198.228.234.145
1,198.228.234.145
1,198.228.234.145
1,198.228.234.145
1,198.228.234.145
1,198.228.234.145
1,198.228.234.145
1,198.228.234.145
1,198.228.234.145
1,198.228.234.145
1,198.228.234.145
1,198.228.234.145
1,198.228.234.145
1,198.228.234.145
1,198.228.234.145
1,198.228.234.145
1,198.228.234.145
1,198.228.234.145
1,198.228.234.145
1,198.228.234.145
1,198.228.234.145
1,198.228.234.145
1,198.228.234.145
1,198.228.234.145
1,198.228.234.145
1,198.228.234.145
1,198.228.234.145
1,198.228.234.145
1,198.228.234.145
1,198.228.234.145
1,198.228.234.145
1,198.228.234.145
1,198.228.234.145
1,198.228.234.145
1,198.228.234.145
1,198.228.234.145
1,198.228.234.145
1,198.228.234.145
1,198.228.234.145
1,198.228.234.145
1,198.228.234.145
1,198.228.234.145
1,198.228.234.145
1,198.228.234.145
1,198.228.234.145
1,198.228.234.145
1,198.228.234.145
1,198.228.234.145
1,198.228.234.145
1,198.228.234.145
1,198.228.234.145
1,198.228.234.145
1,198.228.234.145
1,198.228.234.145
1,198.228.234.145
1,198.228.234.145
1,198.228.234.145
1,198.228.234.145
1,198.228.234.145
1,198.228.234.145
1,198.228.234.145
1,198.228.234.145
1,198.228.234.145
1,198.228.234.145
1,198.228.234.145
1,198.228.234.145
1,198.228.234.145
1,198.228.234.145
1,198.228.234.145
1,198.228.234.145
1,198.228.234.145
1,198.228.234.145
1,198.228.234.145
1,198.228.234.145
1,198.228.234.145
1,198.228.234.145
1,198.228.234.145
1,198.228.234.145
1,198.228.234.145
1,198.228.234.145
1,198.228.234.145
1,198.228.234.145
1,198.228.234.145
1,198.228.234.145
1,198.228.234.145
1,198.228.234.145
1,198.228.234.145
1,198.228.234.145
1,198.228.234.145
1,198.228.234.145
1,198.228.234.145
1,198.228.234.145
1,198.228.234.145
1,198.228.234.145
1,198.228.234.145
1,198.228.234.145
1,198.228.234.145
1,198.228.234.145
1,198.228.234.145
1,198.228.234.145
1,198.228.234.145
1,198.228.234.145
1,198.228.234.145
1,198.228.234.145
1,198.228.234.145
1,198.228.234.145
1,198.228.234.145
1,198.228.234.145
1,198.228.234.145
1,198.228.234.145
1,198.228.234.145
1,198.228.234.145
1,198.228.234.145
1,198.228.234.145
1,198.228.234.145
1,198.228.234.145
1,198.228.234.145
1,198.228.234.145
1,198.228.234.145
1,198.228.234.145
1,198.228.234.145
1,198.228.234.145
1,198.228.234.145
1,198.228.234.145
1,198.228.234.145
1,198.228.234.145
1,198.228.234.145
1,198.228.234.145
1,198.228.234.145
1,198.228.234.145
1,198.228.234.145
1,198.228.234.145
1,198.228.234.145
1,198.228.234.145
1,198.228.234.145
1,198.228.234.145
1,198.228.234.145
1,198.228.234.145
1,198.228.234.145
1,198.228.234.145
1,198.228.234.145
1,198.228.234.145
1,198.228.234.145
1,198.228.234.145
1,198.228.234.145
1,198.228.234.145
1,198.228.234.145
1,198.228.234.145
1,198.228.234.145
1,198.228.234.145
1,198.228.234.145
1,198.228.234.145
1,198.228.234.145
1,198.228.234.145
1,198.228.234.145
1,198.228.234.145
1,198.228.234.145
1,198.228.234.145
1,198.228.234.145
1,198.228.234.145
1,198.228.234.145
1,198.228.234.145
1,198.228.234.145
1,198.228.234.145
1,198.228.234.145
1,198.228.234.145
1,198.228.234.145
1,198.228.234.145
1,198.228.234.145
1,198.228.234.145
1,198.228.234.145
1,198.228.234.145
1,198.228.234.145
1,198.228.234.145
1,198.228.234.145
1,198.228.234.145
1,198.228.234.145
1,198.228.234.145
1,198.228.234.145
1,198.228.234.145
1,198.228.234.145
1,198.228.234.145
1,198.228.234.145
1,198.228.234.145
1,198.228.234.145
1,198.228.234.145
1,198.228.234.145
1,198.228.234.145
1,198.228.234.145
1,198.228.234.145
1,198.228.234.145
1,198.228.234.145
1,198.228.234.145
1,198.228.234.145
1,198.228.234.145
1,198.228.234.145
1,198.228.234.145
1,198.228.234.145
1,198.228.234.145
1,198.228.234.145
1,198.228.234.145
1,198.228.234.145
1,198.228.234.145
1,198.228.234.145
1,198.228.234.145
1,198.228.234.145
1,198.228.234.145
1,198.228.234.145
1,198.228.234.145
1,198.228.234.145
1,198.228.234.145
1,198.228.234.145
1,198.228.234.145
1,198.228.234.145
1,198.228.234.145
1,198.228.234.145
1,198.228.234.145
1,198.228.234.145
1,198.228.234.145
1,198.228.234.145
1,198.228.234.145
1,198.228.234.145
1,198.228.234.145
1,198.228.234.145
1,198.228.234.145
1,198.228.234.145
1,198.228.234.145
1,198.228.234.145
1,198.228.234.145
1,198.228.234.145
1,198.228.234.145
1,198.228.234.145
1,198.228.234.145
1,198.228.234.145
1,198.228.234.145
1,198.228.234.145
1,198.228.234.145
1,198.228.234.145
1,198.228.234.145
1,198.228.234.145
1,198.228.234.145
1,198.228.234.145
1,198.228.234.145
1,198.228.234.145
1,198.228.234.145
1,198.228.234.145
1,198.228.234.145
1,198.228.234.145
1,198.228.234.145
1,198.228.234.145
1,198.228.234.145
1,198.228.234.145
1,198.228.234.145
1,198.228.234.145
1,198.228.234.145
1,198.228.234.145
1,198.228.234.145
1,198.228.234.145
1,198.228.234.145
1,198.228.234.145
1,198.228.234.145
1,198.228.234.145
1,198.228.234.145
1,198.228.234.145
1,198.228.234.145
1,198.228.234.145
1,198.228.234.145
1,198.228.234.145
1,198.228.234.145
1,198.228.234.145
1,198.228.234.145
1,198.228.234.145
1,198.228.234.145
1,198.228.234.145
1,198.228.234.145
1,198.228.234.145
1,198.228.234.145
1,198.228.234.145
1,198.228.234.145
1,198.228.234.145
1,198.228.234.145
1,198.228.234.145
1,198.228.234.145
1,198.228.234.145
1,198.228.234.145
1,198.228.234.145
1,198.228.234.145
1,198.228.234.145
1,198.228.234.145
1,198.228.234.145
1,198.228.234.145
1,198.228.234.145
1,198.228.234.145
1,198.228.234.145
1,198.228.234.145
1,198.228.234.145
1,198.228.234.145
1,198.228.234.145
1,198.228.234.145
1,198.228.234.145
1,198.228.234.145
1,198.228.234.145
1,198.228.234.145
1,198.228.234.145
1,198.228.234.145
1,198.228.234.145
1,198.228.234.145
1,198.228.234.145
1,198.228.234.145
1,198.228.234.145
1,198.228.234.145
1,198.228.234.145
1,198.228.234.145
1,198.228.234.145
1,198.228.234.145
1,198.228.234.145
1,198.228.234.145
1,198.228.234.145
1,198.228.234.145
1,198.228.234.145
1,198.228.234.145
1,198.228.234.145
1,198.228.234.145
1,198.228.234.145
1,198.228.234.145
1,198.228.234.145
1,198.228.234.145
1,198.228.234.145
1,198.228.234.145
1,198.228.234.145
1,198.228.234.145
1,198.228.234.145
1,198.228.234.145
1,198.228.234.145
1,198.228.234.145
1,198.228.234.145
1,198.228.234.145
1,198.228.234.145
1,198.228.234.145
1,198.228.234.145
1,198.228.234.145
1,198.228.234.145
1,198.228.234.145
1,198.228.234.145
1,198.228.234.145
1,198.228.234.145
1,198.228.234.145
1,198.228.234.145
1,198.228.234.145
1,198.228.234.145
1,198.228.234.145
1,198.228.234.145
1,198.228.234.145
1,198.228.234.145
1,198.228.234.145
1,198.228.234.145
1,198.228.234.145
1,198.228.234.145
1,198.228.234.145
1,198.228.234.145
1,198.228.234.145
1,198.228.234.145
1,198.228.234.145
1,198.228.234.145
1,198.228.234.145
1,198.228.234.145
1,198.228.234.145
1,198.228.234.145
1,198.228.234.145
1,198.228.234.145
1,198.228.234.145
1,198.228.234.145
1,198.228.234.145
1,198.228.234.145
1,198.228.234.145
1,198.228.234.145
1,198.228.234.145
1,198.228.234.145
1,198.228.234.145
1,198.228.234.145
1,198.228.234.145
1,198.228.234.145
1,198.228.234.145
1,198.228.234.145
1,198.228.234.145
1,198.228.234.145
1,198.228.234.145
1,198.228.234.145
1,198.228.234.145
1,198.228.234.145
1,198.228.234.145
1,198.228.234.145
1,198.228.234.145
1,198.228.234.145
1,198.228.234.145
1,198.228.234.145
1,198.228.234.145
1,198.228.234.145
1,198.228.234.145
1,198.228.234.145
1,198.228.234.145
1,198.228.234.145
1,198.228.234.145
1,198.228.234.145
1,198.228.234.145
1,198.228.234.145
1,198.228.234.145
1,198.228.234.145
1,198.228.234.145
1,198.228.234.145
1,198.228.234.145
1,198.228.234.145
1,198.228.234.145
1,198.228.234.145
1,198.228.234.145
1,198.228.234.145
1,198.228.234.145
1,198.228.234.145
1,198.228.234.145
1,198.228.234.145
1,198.228.234.145
1,198.228.234.145
1,198.228.234.145
1,198.228.234.145
1,198.228.234.145
1,198.228.234.145
1,198.228.234.145
1,198.228.234.145
1,198.228.234.145
1,198.228.234.145
1,198.228.234.145
1,198.228.234.145
1,198.228.234.145
1,198.228.234.145
1,198.228.234.145
1,198.228.234.145
1,198.228.234.145
1,198.228.234.145
1,198.228.234.145
1,198.228.234.145
1,198.228.234.145
1,198.228.234.145
1,198.228.234.145
1,198.228.234.145
1,198.228.234.145
1,198.228.234.145
1,198.228.234.145
1,198.228.234.145
1,198.228.234.145
1,198.228.234.145
1,198.228.234.145
1,198.228.234.145
1,198.228.234.145
1,198.228.234.145
1,198.228.234.145
1,198.228.234.145
1,198.228.234.145
1,198.228.234.145
1,198.228.234.145
1,198.228.234.145
1,198.228.234.145
1,198.228.234.145
1,198.228.234.145
1,198.228.234.145
1,198.228.234.145
1,198.228.234.145
1,198.228.234.145
1,198.228.234.145
1,198.228.234.145
1,198.228.234.145
1,198.228.234.145
1,198.228.234.145
1,198.228.234.145
1,198.228.234.145
1,198.228.234.145
1,198.228.234.145
1,198.228.234.145
1,198.228.234.145
1,198.228.234.145
1,198.228.234.145
1,198.228.234.145
1,198.228.234.145
1,198.228.234.145
1,198.228.234.145
1,198.228.234.145
1,198.228.234.145
1,198.228.234.145
1,198.228.234.145
1,198.228.234.145
1,198.228.234.145
1,198.228.234.145
1,198.228.234.145
1,198.228.234.145
1,198.228.234.145
1,198.228.234.145
1,198.228.234.145
1,198.228.234.145
1,198.228.234.145
1,198.228.234.145
1,198.228.234.145
1,198.228.234.145
1,198.228.234.145
1,198.228.234.145
1,198.228.234.145
1,198.228.234.145
1,198.228.234.145
1,198.228.234.145
1,198.228.234.145
1,198.228.234.145
1,198.228.234.145
1,198.228.234.145
1,198.228.234.145
1,198.228.234.145
1,198.228.234.145
1,198.228.234.145
1,198.228.234.145
1,198.228.234.145
1,198.228.234.145
1,198.228.234.145
1,198.228.234.145
1,198.228.234.145
1,198.228.234.145
1,198.228.234.145
1,198.228.234.145
1,198.228.234.145
1,198.228.234.145
1,198.228.234.145
1,198.228.234.145
1,198.228.234.145
1,198.228.234.145
1,198.228.234.145
1,198.228.234.145
1,198.228.234.145
1,198.228.234.145
1,198.228.234.145
1,198.228.234.145
1,198.228.234.145
1,198.228.234.145
1,198.228.234.145
1,198.228.234.145
1,198.228.234.145
1,198.228.234.145
1,198.228.234.145
1,198.228.234.145
1,198.228.234.145
1,198.228.234.145
1,198.228.234.145
1,198.228.234.145
1,198.228.234.145
1,198.228.234.145
1,198.228.234.145
1,198.228.234.145
1,198.228.234.145
1,198.228.234.145
1,198.228.234.145
1,198.228.234.145
1,198.228.234.145
1,198.228.234.145
1,198.228.234.145
1,198.228.234.145
1,198.228.234.145
1,198.228.234.145
1,198.228.234.145
1,198.228.234.145
1,198.228.234.145
1,198.228.234.145
1,198.228.234.145
1,198.228.234.145
1,198.228.234.145
1,198.228.234.145
1,198.228.234.145
1,198.228.234.145
1,198.228.234.145
1,198.228.234.145
1,198.228.234.145
1,198.228.234.145
1,198.228.234.145
1,198.228.234.145
1,198.228.234.145
1,198.228.234.145
1,198.228.234.145
1,198.228.234.145
1,198.228.234.145
1,198.228.234.145
1,198.228.234.145
1,198.228.234.145
1,198.228.234.145
1,198.228.234.145
1,198.228.234.145
1,198.228.234.145
1,198.228.234.145
1,198.228.234.145
1,198.228.234.145
1,198.228.234.145
1,198.228.234.145
1,198.228.234.145
1,198.228.234.145
1,198.228.234.145
1,198.228.234.145
1,198.228.234.145
1,198.228.234.145
1,198.228.234.145
1,198.228.234.145
1,198.228.234.145
1,198.228.234.145
1,198.228.234.145
1,198.228.234.145
1,198.228.234.145
1,198.228.234.145
1,198.228.234.145
1,198.228.234.145
1,198.228.234.145
1,198.228.234.145
1,198.228.234.145
1,198.228.234.145
1,198.228.234.145
1,198.228.234.145
1,198.228.234.145
1,198.228.234.145
1,198.228.234.145
1,198.228.234.145
1,198.228.234.145
1,198.228.234.145
1,198.228.234.145
1,198.228.234.145
1,198.228.234.145
1,198.228.234.145
1,198.228.234.145
1,198.228.234.145
1,198.228.234.145
1,198.228.234.145
1,198.228.234.145
1,198.228.234.145
1,198.228.234.145
1,198.228.234.145
1,198.228.234.145
1,198.228.234.145
1,198.228.234.145
1,198.228.234.145
1,198.228.234.145
1,198.228.234.145
1,198.228.234.145
1,198.228.234.145
1,198.228.234.145
1,198.228.234.145
1,198.228.234.145
1,198.228.234.145
1,198.228.234.145
1,198.228.234.145
1,198.228.234.145
1,198.228.234.145
1,198.228.234.145
1,198.228.234.145
1,198.228.234.145
1,198.228.234.145
1,198.228.234.145
1,198.228.234.145
1,198.228.234.145
1,198.228.234.145
1,198.228.234.145
1,198.228.234.145
1,198.228.234.145
1,198.228.234.145
1,198.228.234.145
1,198.228.234.145
1,198.228.234.145
1,198.228.234.145
1,198.228.234.145
1,198.228.234.145
1,198.228.234.145
1,198.228.234.145
1,198.228.234.145
1,198.228.234.145
1,198.228.234.145
1,198.228.234.145
1,198.228.234.145
1,198.228.234.145
1,198.228.234.145
1,198.228.234.145
1,198.228.234.145
1,198.228.234.145
1,198.228.234.145
1,198.228.234.145
1,198.228.234.145
1,198.228.234.145
1,198.228.234.145
1,198.228.234.145
1,198.228.234.145
1,198.228.234.145
1,198.228.234.145
1,198.228.234.145
1,198.228.234.145
1,198.228.234.145
1,198.228.234.145
1,198.228.234.145
1,198.228.234.145
1,198.228.234.145
1,198.228.234.145
1,198.228.234.145
1,198.228.234.145
1,198.228.234.145
1,198.228.234.145
1,198.228.234.145
1,198.228.234.145
1,198.228.234.145
1,198.228.234.145
1,198.228.234.145
1,198.228.234.145
1,198.228.234.145
1,198.228.234.145
1,198.228.234.145
1,198.228.234.145
1,198.228.234.145
1,198.228.234.145
1,198.228.234.145
1,198.228.234.145
1,198.228.234.145
1,198.228.234.145
1,198.228.234.145
1,198.228.234.145
1,198.228.234.145
1,198.228.234.145
1,198.228.234.145
1,198.228.234.145
1,198.228.234.145
1,198.228.234.145
1,198.228.234.145
1,198.228.234.145
1,198.228.234.145
1,198.228.234.145
1,198.228.234.145
1,198.228.234.145
1,198.228.234.145
1,198.228.234.145
1,198.228.234.145
1,198.228.234.145
1,198.228.234.145
1,198.228.234.145
1,198.228.234.145
1,198.228.234.145
1,198.228.234.145
1,198.228.234.145
1,198.228.234.145
1,198.228.234.145
1,198.228.234.145
1,198.228.234.145
1,198.228.234.145
1,198.228.234.145
1,198.228.234.145
1,198.228.234.145
1,198.228.234.145
1,198.228.234.145
1,198.228.234.145
1,198.228.234.145
1,198.228.234.145
1,198.228.234.145
1,198.228.234.145
1,198.228.234.145
1,198.228.234.145
1,198.228.234.145
1,198.228.234.145
1,198.228.234.145
1,198.228.234.145
1,198.228.234.145
1,198.228.234.145
1,198.228.234.145
1,198.228.234.145
1,198.228.234.145
1,198.228.234.145
1,198.228.234.145
1,198.228.234.145
1,198.228.234.145
1,198.228.234.145
1,198.228.234.145
1,198.228.234.145
1,198.228.234.145
1,198.228.234.145
1,198.228.234.145
1,198.228.234.145
1,198.228.234.145
1,198.228.234.145
1,198.228.234.145
1,198.228.234.145
1,198.228.234.145
1,198.228.234.145
1,198.228.234.145
1,198.228.234.145
1,198.228.234.145
1,198.228.234.145
1,198.228.234.145
1,198.228.234.145
1,198.228.234.145
1,198.228.234.145
1,198.228.234.145
1,198.228.234.145
1,198.228.234.145
1,198.228.234.145
1,198.228.234.145
1,198.228.234.145
1,198.228.234.145
1,198.228.234.145
1,198.228.234.145
1,198.228.234.145
1,198.228.234.145
1,198.228.234.145
1,198.228.234.145
1,198.228.234.145
1,198.228.234.145
1,198.228.234.145
1,198.228.234.145
1,198.228.234.145
1,198.228.234.145
1,198.228.234.145
1,198.228.234.145
1,198.228.234.145
1,198.228.234.145
1,198.228.234.145
1,198.228.234.145
1,198.228.234.145
1,198.228.234.145
1,198.228.234.145
1,198.228.234.145
1,198.228.234.145
1,198.228.234.145
1,198.228.234.145
1,198.228.234.145
1,198.228.234.145
1,198.228.234.145
1,198.228.234.145
1,198.228.234.145
1,198.228.234.14