1,216.106.157.55
1,216.106.157.55
1,216.106.157.55
1,216.106.157.55
1,216.106.157.55
1,216.106.157.55
1,216.106.157.55
1,216.106.157.55
1,216.106.157.55
1,216.106.157.55
1,216.106.157.55
1,216.106.157.55
1,216.106.157.55
1,216.106.157.55
1,216.106.157.55
1,216.106.157.55
1,216.106.157.55
1,216.106.157.55
1,216.106.157.55
1,216.106.157.55
1,216.106.157.55
1,216.106.157.55
1,216.106.157.55
1,216.106.157.55
1,216.106.157.55
1,216.106.157.55
1,216.106.157.55
1,216.106.157.55
1,216.106.157.55
1,216.106.157.55
1,216.106.157.55
1,216.106.157.55
1,216.106.157.55
1,216.106.157.55
1,216.106.157.55
1,216.106.157.55
1,216.106.157.55
1,216.106.157.55
1,216.106.157.55
1,216.106.157.55
1,216.106.157.55
1,216.106.157.55
1,216.106.157.55
1,216.106.157.55
1,216.106.157.55
1,216.106.157.55
1,216.106.157.55
1,216.106.157.55
1,216.106.157.55
1,216.106.157.55
1,216.106.157.55
1,216.106.157.55
1,216.106.157.55
1,216.106.157.55
1,216.106.157.55
1,216.106.157.55
1,216.106.157.55
1,216.106.157.55
1,216.106.157.55
1,216.106.157.55
1,216.106.157.55
1,216.106.157.55
1,216.106.157.55
1,216.106.157.55
1,216.106.157.55
1,216.106.157.55
1,216.106.157.55
1,216.106.157.55
1,216.106.157.55
1,216.106.157.55
1,216.106.157.55
1,216.106.157.55
1,216.106.157.55
1,216.106.157.55
1,216.106.157.55
1,216.106.157.55
1,216.106.157.55
1,216.106.157.55
1,216.106.157.55
1,216.106.157.55
1,216.106.157.55
1,216.106.157.55
1,216.106.157.55
1,216.106.157.55
1,216.106.157.55
1,216.106.157.55
1,216.106.157.55
1,216.106.157.55
1,216.106.157.55
1,216.106.157.55
1,216.106.157.55
1,216.106.157.55
1,216.106.157.55
1,216.106.157.55
1,216.106.157.55
1,216.106.157.55
1,216.106.157.55
1,216.106.157.55
1,216.106.157.55
1,216.106.157.55
1,216.106.157.55
1,216.106.157.55
1,216.106.157.55
1,216.106.157.55
1,216.106.157.55
1,216.106.157.55
1,216.106.157.55
1,216.106.157.55
1,216.106.157.55
1,216.106.157.55
1,216.106.157.55
1,216.106.157.55
1,216.106.157.55
1,216.106.157.55
1,216.106.157.55
1,216.106.157.55
1,216.106.157.55
1,216.106.157.55
1,216.106.157.55
1,216.106.157.55
1,216.106.157.55
1,216.106.157.55
1,216.106.157.55
1,216.106.157.55
1,216.106.157.55
1,216.106.157.55
1,216.106.157.55
1,216.106.157.55
1,216.106.157.55
1,216.106.157.55
1,216.106.157.55
1,216.106.157.55
1,216.106.157.55
1,216.106.157.55
1,216.106.157.55
1,216.106.157.55
1,216.106.157.55
1,216.106.157.55
1,216.106.157.55
1,216.106.157.55
1,216.106.157.55
1,216.106.157.55
1,216.106.157.55
1,216.106.157.55
1,216.106.157.55
1,216.106.157.55
1,216.106.157.55
1,216.106.157.55
1,216.106.157.55
1,216.106.157.55
1,216.106.157.55
1,216.106.157.55
1,216.106.157.55
1,216.106.157.55
1,216.106.157.55
1,216.106.157.55
1,216.106.157.55
1,216.106.157.55
1,216.106.157.55
1,216.106.157.55
1,216.106.157.55
1,216.106.157.55
1,216.106.157.55
1,216.106.157.55
1,216.106.157.55
1,216.106.157.55
1,216.106.157.55
1,216.106.157.55
1,216.106.157.55
1,216.106.157.55
1,216.106.157.55
1,216.106.157.55
1,216.106.157.55
1,216.106.157.55
1,216.106.157.55
1,216.106.157.55
1,216.106.157.55
1,216.106.157.55
1,216.106.157.55
1,216.106.157.55
1,216.106.157.55
1,216.106.157.55
1,216.106.157.55
1,216.106.157.55
1,216.106.157.55
1,216.106.157.55
1,216.106.157.55
1,216.106.157.55
1,216.106.157.55
1,216.106.157.55
1,216.106.157.55
1,216.106.157.55
1,216.106.157.55
1,216.106.157.55
1,216.106.157.55
1,216.106.157.55
1,216.106.157.55
1,216.106.157.55
1,216.106.157.55
1,216.106.157.55
1,216.106.157.55
1,216.106.157.55
1,216.106.157.55
1,216.106.157.55
1,216.106.157.55
1,216.106.157.55
1,216.106.157.55
1,216.106.157.55
1,216.106.157.55
1,216.106.157.55
1,216.106.157.55
1,216.106.157.55
1,216.106.157.55
1,216.106.157.55
1,216.106.157.55
1,216.106.157.55
1,216.106.157.55
1,216.106.157.55
1,216.106.157.55
1,216.106.157.55
1,216.106.157.55
1,216.106.157.55
1,216.106.157.55
1,216.106.157.55
1,216.106.157.55
1,216.106.157.55
1,216.106.157.55
1,216.106.157.55
1,216.106.157.55
1,216.106.157.55
1,216.106.157.55
1,216.106.157.55
1,216.106.157.55
1,216.106.157.55
1,216.106.157.55
1,216.106.157.55
1,216.106.157.55
1,216.106.157.55
1,216.106.157.55
1,216.106.157.55
1,216.106.157.55
1,216.106.157.55
1,216.106.157.55
1,216.106.157.55
1,216.106.157.55
1,216.106.157.55
1,216.106.157.55
1,216.106.157.55
1,216.106.157.55
1,216.106.157.55
1,216.106.157.55
1,216.106.157.55
1,216.106.157.55
1,216.106.157.55
1,216.106.157.55
1,216.106.157.55
1,216.106.157.55
1,216.106.157.55
1,216.106.157.55
1,216.106.157.55
1,216.106.157.55
1,216.106.157.55
1,216.106.157.55
1,216.106.157.55
1,216.106.157.55
1,216.106.157.55
1,216.106.157.55
1,216.106.157.55
1,216.106.157.55
1,216.106.157.55
1,216.106.157.55
1,216.106.157.55
1,216.106.157.55
1,216.106.157.55
1,216.106.157.55
1,216.106.157.55
1,216.106.157.55
1,216.106.157.55
1,216.106.157.55
1,216.106.157.55
1,216.106.157.55
1,216.106.157.55
1,216.106.157.55
1,216.106.157.55
1,216.106.157.55
1,216.106.157.55
1,216.106.157.55
1,216.106.157.55
1,216.106.157.55
1,216.106.157.55
1,216.106.157.55
1,216.106.157.55
1,216.106.157.55
1,216.106.157.55
1,216.106.157.55
1,216.106.157.55
1,216.106.157.55
1,216.106.157.55
0,216.106.157.55
0,216.106.157.55
0,216.106.157.55
1,216.106.157.55
0,216.106.157.55
0,216.106.157.55
1,216.106.157.55
0,216.106.157.55
0,216.106.157.55
1,216.106.157.55
1,216.106.157.55
1,216.106.157.55
1,216.106.157.55
1,216.106.157.55
1,216.106.157.55
1,216.106.157.55
1,216.106.157.55
1,216.106.157.55
1,216.106.157.55
0,216.106.157.55
1,216.106.157.55
0,216.106.157.55
0,216.106.157.55
1,216.106.157.55
1,216.106.157.55
1,216.106.157.55
1,216.106.157.55
0,216.106.157.55
1,216.106.157.55
1,216.106.157.55
1,216.106.157.55
1,216.106.157.55
1,216.106.157.55
1,216.106.157.55
0,216.106.157.55
0,216.106.157.55
1,216.106.157.55
1,216.106.157.55
1,216.106.157.55
1,216.106.157.55
0,216.106.157.55
0,216.106.157.55
1,216.106.157.55
0,216.106.157.55
1,216.106.157.55
0,216.106.157.55
1,216.106.157.55
1,216.106.157.55
1,216.106.157.55
1,216.106.157.55
1,216.106.157.55
1,216.106.157.55
1,216.106.157.55
1,216.106.157.55
1,216.106.157.55
1,216.106.157.55
0,216.106.157.55
0,216.106.157.55
0,216.106.157.55
0,216.106.157.55
0,216.106.157.55
0,216.106.157.55
0,216.106.157.55
0,216.106.157.55
0,216.106.157.55
0,216.106.157.55
1,216.106.157.55
0,216.106.157.55
1,216.106.157.55
1,216.106.157.55
1,216.106.157.55
0,216.106.157.55
0,216.106.157.55
0,216.106.157.55
0,216.106.157.55
0,216.106.157.55
0,216.106.157.55
0,216.106.157.55
1,216.106.157.55
0,216.106.157.55
0,216.106.157.55
0,216.106.157.55
0,216.106.157.55
0,216.106.157.55
0,216.106.157.55
0,216.106.157.55
0,216.106.157.55
0,216.106.157.55
0,216.106.157.55
0,216.106.157.55
0,216.106.157.55
0,216.106.157.55
0,216.106.157.55
0,216.106.157.55
0,216.106.157.55
0,216.106.157.55
0,216.106.157.55
0,216.106.157.55
0,216.106.157.55
0,216.106.157.55
0,216.106.157.55
0,216.106.157.55
0,216.106.157.55
0,216.106.157.55
0,216.106.157.55
1,216.106.157.55
1,216.106.157.55
1,216.106.157.55
1,216.106.157.55
1,216.106.157.55
1,216.106.157.55
1,216.106.157.55
1,216.106.157.55
1,216.106.157.55
1,216.106.157.55
1,216.106.157.55
1,216.106.157.55
1,216.106.157.55
1,216.106.157.55
1,216.106.157.55
1,216.106.157.55
1,216.106.157.55
1,216.106.157.55
1,216.106.157.55
1,216.106.157.55
1,216.106.157.55
1,216.106.157.55
1,216.106.157.55
1,216.106.157.55
1,216.106.157.55
1,216.106.157.55
1,216.106.157.55
1,216.106.157.55
1,216.106.157.55
1,216.106.157.55
1,216.106.157.55
1,216.106.157.55
1,216.106.157.55
1,216.106.157.55
1,216.106.157.55
1,216.106.157.55
1,216.106.157.55
1,216.106.157.55
1,216.106.157.55
1,216.106.157.55
1,216.106.157.55
1,216.106.157.55
1,216.106.157.55
1,216.106.157.55
1,216.106.157.55
1,216.106.157.55
1,216.106.157.55
1,216.106.157.55
1,216.106.157.55
1,216.106.157.55
1,216.106.157.55
1,216.106.157.55
1,216.106.157.55
1,216.106.157.55
1,216.106.157.55
1,216.106.157.55
1,216.106.157.55
1,216.106.157.55
1,216.106.157.55
1,216.106.157.55
1,216.106.157.55
1,216.106.157.55
1,216.106.157.55
1,216.106.157.55
1,216.106.157.55
1,216.106.157.55
1,216.106.157.55
1,216.106.157.55
1,216.106.157.55
1,216.106.157.55
1,216.106.157.55
1,216.106.157.55
1,216.106.157.55
1,216.106.157.55
1,216.106.157.55
1,216.106.157.55
1,216.106.157.55
1,216.106.157.55
1,216.106.157.55
1,216.106.157.55
1,216.106.157.55
1,216.106.157.55
1,216.106.157.55
1,216.106.157.55
1,216.106.157.55
1,216.106.157.55
1,216.106.157.55
1,216.106.157.55
1,216.106.157.55
1,216.106.157.55
1,216.106.157.55
1,216.106.157.55
1,216.106.157.55
1,216.106.157.55
1,216.106.157.55
1,216.106.157.55
1,216.106.157.55
1,216.106.157.55
1,216.106.157.55
1,216.106.157.55
1,216.106.157.55
1,216.106.157.55
1,216.106.157.55
1,216.106.157.55
1,216.106.157.55
1,216.106.157.55
1,216.106.157.55
1,216.106.157.55
1,216.106.157.55
1,216.106.157.55
1,216.106.157.55
1,216.106.157.55
1,216.106.157.55
1,216.106.157.55
1,216.106.157.55
1,216.106.157.55
1,216.106.157.55
1,216.106.157.55
1,216.106.157.55
1,216.106.157.55
1,216.106.157.55
1,216.106.157.55
1,216.106.157.55
1,216.106.157.55
1,216.106.157.55
1,216.106.157.55
1,216.106.157.55
1,216.106.157.55
1,216.106.157.55
1,216.106.157.55
1,216.106.157.55
1,216.106.157.55
1,216.106.157.55
1,216.106.157.55
1,216.106.157.55
1,216.106.157.55
1,216.106.157.55
1,216.106.157.55
1,216.106.157.55
0,216.106.157.55
1,216.106.157.55
0,216.106.157.55
0,216.106.157.55
0,216.106.157.55
0,216.106.157.55
0,216.106.157.55
1,216.106.157.55
1,216.106.157.55
1,216.106.157.55
1,216.106.157.55
1,216.106.157.55
1,216.106.157.55
1,216.106.157.55
1,216.106.157.55
1,216.106.157.55
1,216.106.157.55
1,216.106.157.55
1,216.106.157.55
1,216.106.157.55
1,216.106.157.55
1,216.106.157.55
1,216.106.157.55
1,216.106.157.55
1,216.106.157.55
1,216.106.157.55
1,216.106.157.55
1,216.106.157.55
1,216.106.157.55
1,216.106.157.55
1,216.106.157.55
1,216.106.157.55
1,216.106.157.55
1,216.106.157.55
1,216.106.157.55
1,216.106.157.55
1,216.106.157.55
1,216.106.157.55
1,216.106.157.55
1,216.106.157.55
1,216.106.157.55
1,216.106.157.55
1,216.106.157.55
1,216.106.157.55
1,216.106.157.55
1,216.106.157.55
1,216.106.157.55
1,216.106.157.55
1,216.106.157.55
1,216.106.157.55
1,216.106.157.55
1,216.106.157.55
1,216.106.157.55
1,216.106.157.55
1,216.106.157.55
1,216.106.157.55
1,216.106.157.55
1,216.106.157.55
1,216.106.157.55
1,216.106.157.55
1,216.106.157.55
1,216.106.157.55
1,216.106.157.55
1,216.106.157.55
1,216.106.157.55
1,216.106.157.55
1,216.106.157.55
1,216.106.157.55
1,216.106.157.55
1,216.106.157.55
1,216.106.157.55
1,216.106.157.55
1,216.106.157.55
1,216.106.157.55
1,216.106.157.55
1,216.106.157.55
1,216.106.157.55
1,216.106.157.55
1,216.106.157.55
1,216.106.157.55
1,216.106.157.55
1,216.106.157.55
1,216.106.157.55
1,216.106.157.55
1,216.106.157.55
1,216.106.157.55
1,216.106.157.55
1,216.106.157.55
1,216.106.157.55
1,216.106.157.55
1,216.106.157.55
1,216.106.157.55
1,216.106.157.55
1,216.106.157.55
1,216.106.157.55
1,216.106.157.55
1,216.106.157.55
1,216.106.157.55
1,216.106.157.55
1,216.106.157.55
1,216.106.157.55
1,216.106.157.55
1,216.106.157.55
1,216.106.157.55
1,216.106.157.55
1,216.106.157.55
1,216.106.157.55
1,216.106.157.55
1,216.106.157.55
1,216.106.157.55
1,216.106.157.55
1,216.106.157.55
1,216.106.157.55
1,216.106.157.55
1,216.106.157.55
1,216.106.157.55
1,216.106.157.55
1,216.106.157.55
1,216.106.157.55
1,216.106.157.55
1,216.106.157.55
1,216.106.157.55
1,216.106.157.55
1,216.106.157.55
1,216.106.157.55
1,216.106.157.55
1,216.106.157.55
1,216.106.157.55
1,216.106.157.55
1,216.106.157.55
1,216.106.157.55
1,216.106.157.55
1,216.106.157.55
1,216.106.157.55
1,216.106.157.55
1,216.106.157.55
1,216.106.157.55
1,216.106.157.55
1,216.106.157.55
1,216.106.157.55
1,216.106.157.55
1,216.106.157.55
1,216.106.157.55
1,216.106.157.55
1,216.106.157.55
1,216.106.157.55
1,216.106.157.55
0,216.106.157.55
1,216.106.157.55
1,216.106.157.55
1,216.106.157.55
1,216.106.157.55
1,216.106.157.55
1,216.106.157.55
1,216.106.157.55
1,216.106.157.55
1,216.106.157.55
1,216.106.157.55
1,216.106.157.55
0,216.106.157.55
1,216.106.157.55
1,216.106.157.55
0,216.106.157.55
1,216.106.157.55
0,216.106.157.55
0,216.106.157.55
1,216.106.157.55
1,216.106.157.55
1,216.106.157.55
1,216.106.157.55
1,216.106.157.55
1,216.106.157.55
1,216.106.157.55
1,216.106.157.55
1,216.106.157.55
1,216.106.157.55
1,216.106.157.55
1,216.106.157.55
1,216.106.157.55
1,216.106.157.55
1,216.106.157.55
0,216.106.157.55
1,216.106.157.55
1,216.106.157.55
1,216.106.157.55
1,216.106.157.55
1,216.106.157.55
0,216.106.157.55
0,216.106.157.55
1,216.106.157.55
1,216.106.157.55
1,216.106.157.55
1,216.106.157.55
1,216.106.157.55
1,216.106.157.55
1,216.106.157.55
0,216.106.157.55
1,216.106.157.55
1,216.106.157.55
1,216.106.157.55
1,216.106.157.55
0,216.106.157.55
1,216.106.157.55
0,216.106.157.55
1,216.106.157.55
1,216.106.157.55
1,216.106.157.55
0,216.106.157.55
1,216.106.157.55
0,216.106.157.55
0,216.106.157.55
1,216.106.157.55
0,216.106.157.55
1,216.106.157.55
1,216.106.157.55
1,216.106.157.55
1,216.106.157.55
0,216.106.157.55
1,216.106.157.55
1,216.106.157.55
1,216.106.157.55
1,216.106.157.55
1,216.106.157.55
0,216.106.157.55
1,216.106.157.55
0,216.106.157.55
1,216.106.157.55
1,216.106.157.55
1,216.106.157.55
1,216.106.157.55
0,216.106.157.55
1,216.106.157.55
1,216.106.157.55
0,216.106.157.55
1,216.106.157.55
0,216.106.157.55
0,216.106.157.55
0,216.106.157.55
1,216.106.157.55
0,216.106.157.55
1,216.106.157.55
1,216.106.157.55
1,216.106.157.55
1,216.106.157.55
1,216.106.157.55
1,216.106.157.55
1,216.106.157.55
1,216.106.157.55
1,216.106.157.55
1,216.106.157.55
0,216.106.157.55
1,216.106.157.55
1,216.106.157.55
0,216.106.157.55
1,216.106.157.55
1,216.106.157.55
1,216.106.157.55
1,216.106.157.55
1,216.106.157.55
1,216.106.157.55
1,216.106.157.55
1,216.106.157.55
1,216.106.157.55
0,216.106.157.55
1,216.106.157.55
1,216.106.157.55
1,216.106.157.55
1,216.106.157.55
1,216.106.157.55
1,216.106.157.55
1,216.106.157.55
1,216.106.157.55
1,216.106.157.55
1,216.106.157.55
1,216.106.157.55
1,216.106.157.55
1,216.106.157.55
1,216.106.157.55
1,216.106.157.55
1,216.106.157.55
1,216.106.157.55
1,216.106.157.55
1,216.106.157.55
1,216.106.157.55
1,216.106.157.55
1,216.106.157.55
0,216.106.157.55
0,216.106.157.55
0,216.106.157.55
0,216.106.157.55
0,216.106.157.55
0,216.106.157.55
1,216.106.157.55
1,216.106.157.55
1,216.106.157.55
1,216.106.157.55
1,216.106.157.55
1,216.106.157.55
1,216.106.157.55
1,216.106.157.55
1,216.106.157.55
1,216.106.157.55
1,216.106.157.55
1,216.106.157.55
1,216.106.157.55
1,216.106.157.55
1,216.106.157.55
1,216.106.157.55
1,216.106.157.55
1,216.106.157.55
1,216.106.157.55
1,216.106.157.55
1,216.106.157.55
1,216.106.157.55
1,216.106.157.55
1,216.106.157.55
1,216.106.157.55
1,216.106.157.55
1,216.106.157.55
1,216.106.157.55
1,216.106.157.55
1,216.106.157.55
1,216.106.157.55
1,216.106.157.55
1,216.106.157.55
1,216.106.157.55
1,216.106.157.55
1,216.106.157.55
1,216.106.157.55
1,216.106.157.55
1,216.106.157.55
1,216.106.157.55
1,216.106.157.55
1,216.106.157.55
1,216.106.157.55
1,216.106.157.55
1,216.106.157.55
1,216.106.157.55
1,216.106.157.55
1,216.106.157.55
1,216.106.157.55
1,216.106.157.55
1,216.106.157.55
1,216.106.157.55
1,216.106.157.55
1,216.106.157.55
1,216.106.157.55
1,216.106.157.55
1,216.106.157.55
1,216.106.157.55
1,216.106.157.55
1,216.106.157.55
1,216.106.157.55
1,216.106.157.55
1,216.106.157.55
1,216.106.157.55
1,216.106.157.55
1,216.106.157.55
1,216.106.157.55
1,216.106.157.55
1,216.106.157.55
1,216.106.157.55
1,216.106.157.55
1,216.106.157.55
1,216.106.157.55
1,216.106.157.55
1,216.106.157.55
1,216.106.157.55
1,216.106.157.55
1,216.106.157.55
1,216.106.157.55
1,216.106.157.55
1,216.106.157.55
1,216.106.157.55
1,216.106.157.55
1,216.106.157.55
1,216.106.157.55
0,216.106.157.55
0,216.106.157.55
0,216.106.157.55
0,216.106.157.55
0,216.106.157.55
1,216.106.157.55
0,216.106.157.55
0,216.106.157.55
0,216.106.157.55
0,216.106.157.55
0,216.106.157.55
1,216.106.157.55
1,216.106.157.55
1,216.106.157.55
1,216.106.157.55
1,216.106.157.55
1,216.106.157.55
1,216.106.157.55
1,216.106.157.55
1,216.106.157.55
0,216.106.157.55
0,216.106.157.55
0,216.106.157.55
0,216.106.157.55
0,216.106.157.55
0,216.106.157.55
1,216.106.157.55
0,216.106.157.55
0,216.106.157.55
0,216.106.157.55
0,216.106.157.55
0,216.106.157.55
0,216.106.157.55
0,216.106.157.55
0,216.106.157.55
0,216.106.157.55
0,216.106.157.55
0,216.106.157.55
0,216.106.157.55
0,216.106.157.55
0,216.106.157.55
0,216.106.157.55
0,216.106.157.55
0,216.106.157.55
0,216.106.157.55
0,216.106.157.55
0,216.106.157.55
0,216.106.157.55
0,216.106.157.55
0,216.106.157.55
0,216.106.157.55
0,216.106.157.55
0,216.106.157.55
0,216.106.157.55
0,216.106.157.55
0,216.106.157.55
1,216.106.157.55
0,216.106.157.55
0,216.106.157.55
0,216.106.157.55
0,216.106.157.55
0,216.106.157.55
1,216.106.157.55
0,216.106.157.55
0,216.106.157.55
0,216.106.157.55
0,216.106.157.55
0,216.106.157.55
1,216.106.157.55
0,216.106.157.55
0,216.106.157.55
1,216.106.157.55
0,216.106.157.55
0,216.106.157.55
0,216.106.157.55
0,216.106.157.55
0,216.106.157.55
0,216.106.157.55
1,216.106.157.55
0,216.106.157.55
0,216.106.157.55
0,216.106.157.55
0,216.106.157.55
0,216.106.157.55
1,216.106.157.55
1,216.106.157.55
1,216.106.157.55
1,216.106.157.55
0,216.106.157.55
1,216.106.157.55
0,216.106.157.55
1,216.106.157.55
1,216.106.157.55
1,216.106.157.55
0,216.106.157.55
0,216.106.157.55
0,216.106.157.55
1,216.106.157.55
0,216.106.157.55
0,216.106.157.55
0,216.106.157.55
0,216.106.157.55
0,216.106.157.55
1,216.106.157.55
1,216.106.157.55
1,216.106.157.55
1,216.106.157.55
0,216.106.157.55
0,216.106.157.55
0,216.106.157.55
0,216.106.157.55
0,216.106.157.55
0,216.106.157.55
0,216.106.157.55
0,216.106.157.55
0,216.106.157.55
0,216.106.157.55
0,216.106.157.55
0,216.106.157.55
1,216.106.157.55
0,216.106.157.55
0,216.106.157.55
0,216.106.157.55
0,216.106.157.55
0,216.106.157.55
0,216.106.157.55
0,216.106.157.55
0,216.106.157.55
0,216.106.157.55
0,216.106.157.55
0,216.106.157.55
0,216.106.157.55
0,216.106.157.55
0,216.106.157.55
0,216.106.157.55
0,216.106.157.55
0,216.106.157.55
0,216.106.157.55
0,216.106.157.55
0,216.106.157.55
0,216.106.157.55
0,216.106.157.55
0,216.106.157.55
0,216.106.157.55
0,216.106.157.55
0,216.106.157.55
0,216.106.157.55
0,216.106.157.55
0,216.106.157.55
0,216.106.157.55
0,216.106.157.55
0,216.106.157.55
1,216.106.157.55
0,216.106.157.55
0,216.106.157.55
0,216.106.157.55
0,216.106.157.55
0,216.106.157.55
0,216.106.157.55
0,216.106.157.55
0,216.106.157.55
0,216.106.157.55
0,216.106.157.55
0,216.106.157.55
0,216.106.157.55
0,216.106.157.55
0,216.106.157.55
0,216.106.157.55
0,216.106.157.55
0,216.106.157.55
0,216.106.157.55
0,216.106.157.55
0,216.106.157.55
0,216.106.157.55
0,216.106.157.55
0,216.106.157.55
0,216.106.157.55
0,216.106.157.55
0,216.106.157.55
0,216.106.157.55
0,216.106.157.55
0,216.106.157.55
0,216.106.157.55
0,216.106.157.55
0,216.106.157.55
0,216.106.157.55
0,216.106.157.55
0,216.106.157.55
0,216.106.157.55
0,216.106.157.55
0,216.106.157.55
0,216.106.157.55
0,216.106.157.55
0,216.106.157.55
0,216.106.157.55
0,216.106.157.55
0,216.106.157.55
0,216.106.157.55
0,216.106.157.55
0,216.106.157.55
0,216.106.157.55
0,216.106.157.55
0,216.106.157.55
0,216.106.157.55
0,216.106.157.55
0,216.106.157.55
0,216.106.157.55
0,216.106.157.55
0,216.106.157.55
0,216.106.157.55
0,216.106.157.55
0,216.106.157.55
0,216.106.157.55
0,216.106.157.55
0,216.106.157.55
0,216.106.157.55
0,216.106.157.55
0,216.106.157.55
0,216.106.157.55
0,216.106.157.55
0,216.106.157.55
0,216.106.157.55
0,216.106.157.55
0,216.106.157.55
0,216.106.157.55
0,216.106.157.55
0,216.106.157.55
0,216.106.157.55
0,216.106.157.55
0,216.106.157.55
0,216.106.157.55
0,216.106.157.55
0,216.106.157.55
0,216.106.157.55
0,216.106.157.55
0,216.106.157.55
0,216.106.157.55
0,216.106.157.55
0,216.106.157.55
0,216.106.157.55
0,216.106.157.55
0,216.106.157.55
0,216.106.157.55
0,216.106.157.55
0,216.106.157.55
0,216.106.157.55
0,216.106.157.55
0,216.106.157.55
0,216.106.157.55
0,216.106.157.55
0,216.106.157.55
0,216.106.157.55
0,216.106.157.55
0,216.106.157.55
0,216.106.157.55
0,216.106.157.55
0,216.106.157.55
0,216.106.157.55
0,216.106.157.55
0,216.106.157.55
0,216.106.157.55
0,216.106.157.55
0,216.106.157.55
0,216.106.157.55
0,216.106.157.55
0,216.106.157.55
0,216.106.157.55
0,216.106.157.55
0,216.106.157.55
0,216.106.157.55
0,216.106.157.55
0,216.106.157.55
0,216.106.157.55
0,216.106.157.55
0,216.106.157.55
0,216.106.157.55
0,216.106.157.55
0,216.106.157.55
0,216.106.157.55
0,216.106.157.55
0,216.106.157.55
0,216.106.157.55
0,216.106.157.55
0,216.106.157.55
0,216.106.157.55
0,216.106.157.55
0,216.106.157.55
0,216.106.157.55
0,216.106.157.55
0,216.106.157.55
0,216.106.157.55
0,216.106.157.55
0,216.106.157.55
0,216.106.157.55
0,216.106.157.55
0,216.106.157.55
0,216.106.157.55
0,216.106.157.55
0,216.106.157.55
0,216.106.157.55
0,216.106.157.55
0,216.106.157.55
0,216.106.157.55
0,216.106.157.55
0,216.106.157.55
0,216.106.157.55
0,216.106.157.55
0,216.106.157.55
0,216.106.157.55
0,216.106.157.55
0,216.106.157.55
0,216.106.157.55
0,216.106.157.55
0,216.106.157.55
0,216.106.157.55
0,216.106.157.55
0,216.106.157.55
0,216.106.157.55
0,216.106.157.55
0,216.106.157.55
0,216.106.157.55
1,198.228.234.145
1,198.228.234.145
1,198.228.234.145
1,198.228.234.145
1,198.228.234.145
1,198.228.234.145
1,198.228.234.145
1,198.228.234.145
1,198.228.234.145
1,198.228.234.145
1,198.228.234.145
1,198.228.234.145
1,198.228.234.145
1,198.228.234.145
1,198.228.234.145
1,198.228.234.145
1,198.228.234.145
1,198.228.234.145
1,198.228.234.145
1,198.228.234.145
1,198.228.234.145
1,198.228.234.145
1,198.228.234.145
1,198.228.234.145
1,198.228.234.145
1,198.228.234.145
1,198.228.234.145
1,198.228.234.145
1,198.228.234.145
1,198.228.234.145
1,198.228.234.145
1,198.228.234.145
1,198.228.234.145
1,198.228.234.145
1,198.228.234.145
1,198.228.234.145
1,198.228.234.145
1,198.228.234.145
1,198.228.234.145
1,198.228.234.145
1,198.228.234.145
1,198.228.234.145
1,198.228.234.145
1,198.228.234.145
1,198.228.234.145
1,198.228.234.145
1,198.228.234.145
1,198.228.234.145
1,198.228.234.145
1,198.228.234.145
1,198.228.234.145
1,198.228.234.145
1,198.228.234.145
1,198.228.234.145
1,198.228.234.145
1,198.228.234.145
1,198.228.234.145
1,198.228.234.145
1,198.228.234.145
1,198.228.234.145
1,198.228.234.145
1,198.228.234.145
1,198.228.234.145
1,198.228.234.145
1,198.228.234.145
1,198.228.234.145
1,198.228.234.145
1,198.228.234.145
1,198.228.234.145
1,198.228.234.145
1,198.228.234.145
1,198.228.234.145
1,198.228.234.145
1,198.228.234.145
1,198.228.234.145
1,198.228.234.145
1,198.228.234.145
1,198.228.234.145
1,198.228.234.145
1,198.228.234.145
1,198.228.234.145
1,198.228.234.145
1,198.228.234.145
1,198.228.234.145
1,198.228.234.145
1,198.228.234.145
1,198.228.234.145
1,198.228.234.145
1,198.228.234.145
1,198.228.234.145
1,198.228.234.145
1,198.228.234.145
1,198.228.234.145
1,198.228.234.145
1,198.228.234.145
1,198.228.234.145
1,198.228.234.145
1,198.228.234.145
1,198.228.234.145
1,198.228.234.145
1,198.228.234.145
1,198.228.234.145
1,198.228.234.145
1,198.228.234.145
1,198.228.234.145
1,198.228.234.145
1,198.228.234.145
1,198.228.234.145
1,198.228.234.145
1,198.228.234.145
1,198.228.234.145
1,198.228.234.145
1,198.228.234.145
1,198.228.234.145
1,198.228.234.145
1,198.228.234.145
1,198.228.234.145
1,198.228.234.145
1,198.228.234.145
1,198.228.234.145
1,198.228.234.145
1,198.228.234.145
1,198.228.234.145
1,198.228.234.145
1,198.228.234.145
1,198.228.234.145
1,198.228.234.145
1,198.228.234.145
1,198.228.234.145
1,198.228.234.145
1,198.228.234.145
1,198.228.234.145
1,198.228.234.145
1,198.228.234.145
1,198.228.234.145
1,198.228.234.145
1,198.228.234.145
1,198.228.234.145
1,198.228.234.145
1,198.228.234.145
1,198.228.234.145
1,198.228.234.145
1,198.228.234.145
1,198.228.234.145
1,198.228.234.145
1,198.228.234.145
1,198.228.234.145
1,198.228.234.145
1,198.228.234.145
1,198.228.234.145
1,198.228.234.145
1,198.228.234.145
1,198.228.234.145
1,198.228.234.145
1,198.228.234.145
1,198.228.234.145
1,198.228.234.145
1,198.228.234.145
1,198.228.234.145
1,198.228.234.145
1,198.228.234.145
1,198.228.234.145
1,198.228.234.145
1,198.228.234.145
1,198.228.234.145
1,198.228.234.145
1,198.228.234.145
1,198.228.234.145
1,198.228.234.145
1,198.228.234.145
1,198.228.234.145
1,198.228.234.145
1,198.228.234.145
1,198.228.234.145
1,198.228.234.145
1,198.228.234.145
1,198.228.234.145
1,198.228.234.145
1,198.228.234.145
1,198.228.234.145
1,198.228.234.145
1,198.228.234.145
1,198.228.234.145
1,198.228.234.145
1,198.228.234.145
1,198.228.234.145
1,198.228.234.145
1,198.228.234.145
1,198.228.234.145
1,198.228.234.145
1,198.228.234.145
1,198.228.234.145
1,198.228.234.145
1,198.228.234.145
1,198.228.234.145
1,198.228.234.145
1,198.228.234.145
1,198.228.234.145
1,198.228.234.145
1,198.228.234.145
1,198.228.234.145
1,198.228.234.145
1,198.228.234.145
1,198.228.234.145
1,198.228.234.145
1,198.228.234.145
1,198.228.234.145
1,198.228.234.145
1,198.228.234.145
1,198.228.234.145
1,198.228.234.145
1,198.228.234.145
1,198.228.234.145
1,198.228.234.145
1,198.228.234.145
1,198.228.234.145
1,198.228.234.145
1,198.228.234.145
1,198.228.234.145
1,198.228.234.145
1,198.228.234.145
1,198.228.234.145
1,198.228.234.145
1,198.228.234.145
1,198.228.234.145
1,198.228.234.145
1,198.228.234.145
1,198.228.234.145
1,198.228.234.145
1,198.228.234.145
1,198.228.234.145
1,198.228.234.145
1,198.228.234.145
1,198.228.234.145
1,198.228.234.145
1,198.228.234.145
1,198.228.234.145
1,198.228.234.145
1,198.228.234.145
1,198.228.234.145
1,198.228.234.145
1,198.228.234.145
1,198.228.234.145
1,198.228.234.145
1,198.228.234.145
1,198.228.234.145
1,198.228.234.145
1,198.228.234.145
1,198.228.234.145
1,198.228.234.145
1,198.228.234.145
1,198.228.234.145
1,198.228.234.145
1,198.228.234.145
1,198.228.234.145
1,198.228.234.145
1,198.228.234.145
1,198.228.234.145
1,198.228.234.145
1,198.228.234.145
1,198.228.234.145
1,198.228.234.145
1,198.228.234.145
1,198.228.234.145
1,198.228.234.145
1,198.228.234.145
1,198.228.234.145
1,198.228.234.145
1,198.228.234.145
1,198.228.234.145
1,198.228.234.145
1,198.228.234.145
1,198.228.234.145
1,198.228.234.145
1,198.228.234.145
1,198.228.234.145
1,198.228.234.145
1,198.228.234.145
1,198.228.234.145
1,198.228.234.145
1,198.228.234.145
1,198.228.234.145
1,198.228.234.145
1,198.228.234.145
1,198.228.234.145
1,198.228.234.145
1,198.228.234.145
1,198.228.234.145
1,198.228.234.145
1,198.228.234.145
1,198.228.234.145
1,198.228.234.145
1,198.228.234.145
1,198.228.234.145
1,198.228.234.145
1,198.228.234.145
1,198.228.234.145
1,198.228.234.145
1,198.228.234.145
1,198.228.234.145
1,198.228.234.145
1,198.228.234.145
1,198.228.234.145
1,198.228.234.145
1,198.228.234.145
1,198.228.234.145
1,198.228.234.145
1,198.228.234.145
1,198.228.234.145
1,198.228.234.145
1,198.228.234.145
1,198.228.234.145
1,198.228.234.145
1,198.228.234.145
1,198.228.234.145
1,198.228.234.145
1,198.228.234.145
1,198.228.234.145
1,198.228.234.145
1,198.228.234.145
1,198.228.234.145
1,198.228.234.145
1,198.228.234.145
1,198.228.234.145
1,198.228.234.145
1,198.228.234.145
1,198.228.234.145
1,198.228.234.145
1,198.228.234.145
1,198.228.234.145
1,198.228.234.145
1,198.228.234.145
1,198.228.234.145
1,198.228.234.145
1,198.228.234.145
1,198.228.234.145
1,198.228.234.145
1,198.228.234.145
1,198.228.234.145
1,198.228.234.145
1,198.228.234.145
1,198.228.234.145
1,198.228.234.145
1,198.228.234.145
1,198.228.234.145
1,198.228.234.145
1,198.228.234.145
1,198.228.234.145
1,198.228.234.145
1,198.228.234.145
1,198.228.234.145
1,198.228.234.145
1,198.228.234.145
1,198.228.234.145
1,198.228.234.145
1,198.228.234.145
1,198.228.234.145
1,198.228.234.145
1,198.228.234.145
1,198.228.234.145
1,198.228.234.145
1,198.228.234.145
1,198.228.234.145
1,198.228.234.145
1,198.228.234.145
1,198.228.234.145
1,198.228.234.145
1,198.228.234.145
1,198.228.234.145
1,198.228.234.145
1,198.228.234.145
1,198.228.234.145
1,198.228.234.145
1,198.228.234.145
1,198.228.234.145
1,198.228.234.145
1,198.228.234.145
1,198.228.234.145
1,198.228.234.145
1,198.228.234.145
1,198.228.234.145
1,198.228.234.145
1,198.228.234.145
1,198.228.234.145
1,198.228.234.145
1,198.228.234.145
1,198.228.234.145
1,198.228.234.145
1,198.228.234.145
1,198.228.234.145
1,198.228.234.145
1,198.228.234.145
1,198.228.234.145
1,198.228.234.145
1,198.228.234.145
1,198.228.234.145
1,198.228.234.145
1,198.228.234.145
1,198.228.234.145
1,198.228.234.145
1,198.228.234.145
1,198.228.234.145
1,198.228.234.145
1,198.228.234.145
1,198.228.234.145
1,198.228.234.145
1,198.228.234.145
1,198.228.234.145
1,198.228.234.145
1,198.228.234.145
1,198.228.234.145
1,198.228.234.145
1,198.228.234.145
1,198.228.234.145
1,198.228.234.145
1,198.228.234.145
1,198.228.234.145
1,198.228.234.145
1,198.228.234.145
1,198.228.234.145
1,198.228.234.145
1,198.228.234.145
1,198.228.234.145
1,198.228.234.145
1,198.228.234.145
1,198.228.234.145
1,198.228.234.145
1,198.228.234.145
1,198.228.234.145
1,198.228.234.145
1,198.228.234.145
1,198.228.234.145
1,198.228.234.145
1,198.228.234.145
1,198.228.234.145
1,198.228.234.145
1,198.228.234.145
1,198.228.234.145
1,198.228.234.145
1,198.228.234.145
1,198.228.234.145
1,198.228.234.145
1,198.228.234.145
1,198.228.234.145
1,198.228.234.145
1,198.228.234.145
1,198.228.234.145
1,198.228.234.145
1,198.228.234.145
1,198.228.234.145
1,198.228.234.145
1,198.228.234.145
1,198.228.234.145
1,198.228.234.145
1,198.228.234.145
1,198.228.234.145
1,198.228.234.145
1,198.228.234.145
1,198.228.234.145
1,198.228.234.145
1,198.228.234.145
1,198.228.234.145
1,198.228.234.145
1,198.228.234.145
1,198.228.234.145
1,198.228.234.145
1,198.228.234.145
1,198.228.234.145
1,198.228.234.145
1,198.228.234.145
1,198.228.234.145
1,198.228.234.145
1,198.228.234.145
1,198.228.234.145
1,198.228.234.145
1,198.228.234.145
1,198.228.234.145
1,198.228.234.145
1,198.228.234.145
1,198.228.234.145
1,198.228.234.145
1,198.228.234.145
1,198.228.234.145
1,198.228.234.145
1,198.228.234.145
1,198.228.234.145
1,198.228.234.145
1,198.228.234.145
1,198.228.234.145
1,198.228.234.145
1,198.228.234.145
1,198.228.234.145
1,198.228.234.145
1,198.228.234.145
1,198.228.234.145
1,198.228.234.145
1,198.228.234.145
1,198.228.234.145
1,198.228.234.145
1,198.228.234.145
1,198.228.234.145
1,198.228.234.145
1,198.228.234.145
1,198.228.234.145
1,198.228.234.145
1,198.228.234.145
1,198.228.234.145
1,198.228.234.145
1,198.228.234.145
1,198.228.234.145
1,198.228.234.145
1,198.228.234.145
1,198.228.234.145
1,198.228.234.145
1,198.228.234.145
1,198.228.234.145
1,198.228.234.145
1,198.228.234.145
1,198.228.234.145
1,198.228.234.145
1,198.228.234.145
1,198.228.234.145
1,198.228.234.145
1,198.228.234.145
1,198.228.234.145
1,198.228.234.145
1,198.228.234.145
1,198.228.234.145
1,198.228.234.145
1,198.228.234.145
1,198.228.234.145
1,198.228.234.145
1,198.228.234.145
1,198.228.234.145
1,198.228.234.145
1,198.228.234.145
1,198.228.234.145
1,198.228.234.145
1,198.228.234.145
1,198.228.234.145
1,198.228.234.145
1,198.228.234.145
1,198.228.234.145
1,198.228.234.145
1,198.228.234.145
1,198.228.234.145
1,198.228.234.145
1,198.228.234.145
1,198.228.234.145
1,198.228.234.145
1,216.106.157.55
1,216.106.157.55
1,216.106.157.55
1,216.106.157.55
1,216.106.157.55
1,216.106.157.55
1,216.106.157.55
1,216.106.157.55
1,216.106.157.55
1,216.106.157.55
1,216.106.157.55
1,216.106.157.55
1,216.106.157.55
1,216.106.157.55
1,216.106.157.55
1,216.106.157.55
1,216.106.157.55
1,216.106.157.55
1,216.106.157.55
1,216.106.157.55
1,216.106.157.55
1,216.106.157.55
1,216.106.157.55
1,216.106.157.55
1,216.106.157.55
1,216.106.157.55
1,216.106.157.55
1,216.106.157.55
1,216.106.157.55
1,216.106.157.55
1,216.106.157.55
1,216.106.157.55
1,216.106.157.55
1,216.106.157.55
1,216.106.157.55
1,216.106.157.55
1,216.106.157.55
1,216.106.157.55
1,216.106.157.55
1,216.106.157.55
0,216.106.157.55
1,216.106.157.55
1,216.106.157.55
1,216.106.157.55
1,216.106.157.55
0,216.106.157.55
1,216.106.157.55
1,216.106.157.55
1,216.106.157.55
0,216.106.157.55
0,216.106.157.55
1,216.106.157.55
1,216.106.157.55
1,216.106.157.55
0,216.106.157.55
0,216.106.157.55
0,216.106.157.55
0,216.106.157.55
1,216.106.157.55
1,216.106.157.55
1,216.106.157.55
1,216.106.157.55
1,216.106.157.55
1,216.106.157.55
1,216.106.157.55
1,216.106.157.55
0,216.106.157.55
1,216.106.157.55
1,216.106.157.55
0,216.106.157.55
0,216.106.157.55
0,216.106.157.55
1,216.106.157.55
1,216.106.157.55
1,216.106.157.55
1,216.106.157.55
0,216.106.157.55
0,216.106.157.55
0,216.106.157.55
1,216.106.157.55
1,216.106.157.55
0,216.106.157.55
0,216.106.157.55
0,216.106.157.55
0,216.106.157.55
0,216.106.157.55
0,216.106.157.55
1,216.106.157.55
1,216.106.157.55
0,216.106.157.55
0,216.106.157.55
0,216.106.157.55
0,216.106.157.55
1,216.106.157.55
1,216.106.157.55
1,216.106.157.55
0,216.106.157.55
0,216.106.157.55
0,216.106.157.55
0,216.106.157.55
1,216.106.157.55
0,216.106.157.55
0,216.106.157.55
0,216.106.157.55
0,216.106.157.55
1,216.106.157.55
1,216.106.157.55
0,216.106.157.55
0,216.106.157.55
0,216.106.157.55
0,216.106.157.55
0,216.106.157.55
0,216.106.157.55
0,216.106.157.55
0,216.106.157.55
0,216.106.157.55
1,216.106.157.55
1,216.106.157.55
1,216.106.157.55
0,216.106.157.55
0,216.106.157.55
0,216.106.157.55
0,216.106.157.55
0,216.106.157.55
0,216.106.157.55
1,216.106.157.55
1,216.106.157.55
0,216.106.157.55
0,216.106.157.55
0,216.106.157.55
0,216.106.157.55
0,216.106.157.55
1,216.106.157.55
0,216.106.157.55
0,216.106.157.55
0,216.106.157.55
1,216.106.157.55
0,216.106.157.55
0,216.106.157.55
0,216.106.157.55
0,216.106.157.55
0,216.106.157.55
0,216.106.157.55
0,216.106.157.55
0,216.106.157.55
0,216.106.157.55
0,216.106.157.55
0,216.106.157.55
0,216.106.157.55
0,216.106.157.55
0,216.106.157.55
0,216.106.157.55
0,216.106.157.55
0,216.106.157.55
0,216.106.157.55
0,216.106.157.55
1,216.106.157.55
1,216.106.157.55
1,216.106.157.55
1,216.106.157.55
0,216.106.157.55
0,216.106.157.55
1,216.106.157.55
1,216.106.157.55
1,216.106.157.55
1,216.106.157.55
0,216.106.157.55
0,216.106.157.55
0,216.106.157.55
0,216.106.157.55
0,216.106.157.55
0,216.106.157.55
0,216.106.157.55
0,216.106.157.55
0,216.106.157.55
0,216.106.157.55
0,216.106.157.55
0,216.106.157.55
0,216.106.157.55
0,216.106.157.55
0,216.106.157.55
0,216.106.157.55
0,216.106.157.55
0,216.106.157.55
0,216.106.157.55
0,216.106.157.55
0,216.106.157.55
0,216.106.157.55
0,216.106.157.55
0,216.106.157.55
0,216.106.157.55
0,216.106.157.55
0,216.106.157.55
0,216.106.157.55
0,216.106.157.55
0,216.106.157.55
0,216.106.157.55
0,216.106.157.55
0,216.106.157.55
0,216.106.157.55
0,216.106.157.55
0,216.106.157.55
0,216.106.157.55
0,216.106.157.55
0,216.106.157.55
0,216.106.157.55
0,216.106.157.55
0,216.106.157.55
0,216.106.157.55
0,216.106.157.55
0,216.106.157.55
0,216.106.157.55
0,216.106.157.55
0,216.106.157.55
0,216.106.157.55
0,216.106.157.55
0,216.106.157.55
0,216.106.157.55
0,216.106.157.55
0,216.106.157.55
0,216.106.157.55
0,216.106.157.55
0,216.106.157.55
0,216.106.157.55
0,216.106.157.55
0,216.106.157.55
0,216.106.157.55
0,216.106.157.55
0,216.106.157.55
0,216.106.157.55
0,216.106.157.55
0,216.106.157.55
0,216.106.157.55
0,216.106.157.55
0,216.106.157.55
0,216.106.157.55
0,216.106.157.55
0,216.106.157.55
0,216.106.157.55
0,216.106.157.55
0,216.106.157.55
0,216.106.157.55
0,216.106.157.55
0,216.106.157.55
0,216.106.157.55
0,216.106.157.55
0,216.106.157.55
0,216.106.157.55
0,216.106.157.55
0,216.106.157.55
0,216.106.157.55
0,216.106.157.55
0,216.106.157.55
0,216.106.157.55
0,216.106.157.55
0,216.106.157.55
0,216.106.157.55
1,216.106.157.55
0,216.106.157.55
0,216.106.157.55
0,216.106.157.55
1,216.106.157.55
0,216.106.157.55
0,216.106.157.55
0,216.106.157.55
0,216.106.157.55
0,216.106.157.55
0,216.106.157.55
0,216.106.157.55
0,216.106.157.55
0,216.106.157.55
0,216.106.157.55
0,216.106.157.55
0,216.106.157.55
0,216.106.157.55
0,216.106.157.55
0,216.106.157.55
0,216.106.157.55
0,216.106.157.55
0,216.106.157.55
0,216.106.157.55
0,216.106.157.55
0,216.106.157.55
0,216.106.157.55
0,216.106.157.55
0,216.106.157.55
0,216.106.157.55
0,216.106.157.55
0,216.106.157.55
0,216.106.157.55
0,216.106.157.55
0,216.106.157.55
0,216.106.157.55
0,216.106.157.55
0,216.106.157.55
0,216.106.157.55
0,216.106.157.55
0,216.106.157.55
0,216.106.157.55
0,216.106.157.55
0,216.106.157.55
0,216.106.157.55
0,216.106.157.55
0,216.106.157.55
0,216.106.157.55
0,216.106.157.55
0,216.106.157.55
0,216.106.157.55
0,216.106.157.55
0,216.106.157.55
0,216.106.157.55
0,216.106.157.55
0,216.106.157.55
0,216.106.157.55
0,216.106.157.55
0,216.106.157.55
0,216.106.157.55
1,198.228.234.145
1,198.228.234.145
1,198.228.234.145
1,198.228.234.145
1,198.228.234.145
1,198.228.234.145
1,198.228.234.145
1,198.228.234.145
1,198.228.234.145
1,198.228.234.145
1,198.228.234.145
1,198.228.234.145
1,198.228.234.145
1,198.228.234.145
1,198.228.234.145
1,198.228.234.145
1,198.228.234.145
1,198.228.234.145
1,198.228.234.145
1,198.228.234.145
1,198.228.234.145
1,198.228.234.145
1,198.228.234.145
1,198.228.234.145
1,198.228.234.145
1,198.228.234.145
1,198.228.234.145
1,198.228.234.145
1,198.228.234.145
1,198.228.234.145
1,198.228.234.145
1,198.228.234.145
1,198.228.234.145
1,198.228.234.145
1,198.228.234.145
1,198.228.234.145
1,198.228.234.145
1,198.228.234.145
1,198.228.234.145
1,198.228.234.145
1,198.228.234.145
1,198.228.234.145
1,198.228.234.145
1,198.228.234.145
1,198.228.234.145
1,198.228.234.145
1,198.228.234.145
1,198.228.234.145
1,198.228.234.145
1,198.228.234.145
1,198.228.234.145
1,198.228.234.145
1,198.228.234.145
1,198.228.234.145
1,198.228.234.145
1,198.228.234.145
1,198.228.234.145
1,198.228.234.145
1,198.228.234.145
1,198.228.234.145
1,198.228.234.145
1,198.228.234.145
1,198.228.234.145
1,198.228.234.145
1,198.228.234.145
1,198.228.234.145
1,198.228.234.145
1,198.228.234.145
1,198.228.234.145
1,198.228.234.145
1,198.228.234.145
1,198.228.234.145
1,198.228.234.145
1,198.228.234.145
1,198.228.234.145
1,198.228.234.145
1,198.228.234.145
1,198.228.234.145
1,198.228.234.145
1,198.228.234.145
1,198.228.234.145
1,198.228.234.145
1,198.228.234.145
1,198.228.234.145
1,198.228.234.145
1,198.228.234.145
1,198.228.234.145
1,198.228.234.145
1,198.228.234.145
1,198.228.234.145
1,198.228.234.145
1,198.228.234.145
1,198.228.234.145
1,198.228.234.145
1,198.228.234.145
1,198.228.234.145
1,198.228.234.145
1,198.228.234.145
1,198.228.234.145
1,198.228.234.145
1,198.228.234.145
1,198.228.234.145
1,198.228.234.145
1,198.228.234.145
1,198.228.234.145
1,198.228.234.145
1,198.228.234.145
1,198.228.234.145
1,198.228.234.145
1,198.228.234.145
1,198.228.234.145
1,198.228.234.145
1,198.228.234.145
1,198.228.234.145
1,198.228.234.145
1,198.228.234.145
1,198.228.234.145
1,198.228.234.145
1,198.228.234.145
1,198.228.234.145
1,198.228.234.145
1,198.228.234.145
1,198.228.234.145
1,198.228.234.145
1,198.228.234.145
1,198.228.234.145
1,198.228.234.145
1,198.228.234.145
1,198.228.234.145
1,198.228.234.145
1,198.228.234.145
1,198.228.234.145
1,198.228.234.145
1,198.228.234.145
1,198.228.234.145
1,198.228.234.145
1,198.228.234.145
1,198.228.234.145
1,198.228.234.145
1,198.228.234.145
1,198.228.234.145
1,198.228.234.145
1,198.228.234.145
1,198.228.234.145
1,198.228.234.145
1,198.228.234.145
1,198.228.234.145
1,198.228.234.145
1,198.228.234.145
1,198.228.234.145
1,198.228.234.145
1,198.228.234.145
1,198.228.234.145
1,198.228.234.145
1,198.228.234.145
1,198.228.234.145
1,198.228.234.145
1,198.228.234.145
1,198.228.234.145
1,198.228.234.145
1,198.228.234.145
1,198.228.234.145
1,198.228.234.145
1,198.228.234.145
1,198.228.234.145
1,198.228.234.145
1,198.228.234.145
1,198.228.234.145
1,198.228.234.145
1,198.228.234.145
1,198.228.234.145
1,198.228.234.145
1,198.228.234.145
1,198.228.234.145
1,198.228.234.145
1,198.228.234.145
1,198.228.234.145
1,198.228.234.145
1,198.228.234.145
1,198.228.234.145
1,198.228.234.145
1,198.228.234.145
1,198.228.234.145
1,198.228.234.145
1,198.228.234.145
1,198.228.234.145
1,198.228.234.145
1,198.228.234.145
1,198.228.234.145
1,198.228.234.145
1,198.228.234.145
1,198.228.234.145
1,198.228.234.145
1,198.228.234.145
1,198.228.234.145
1,198.228.234.145
1,198.228.234.145
1,198.228.234.145
1,198.228.234.145
1,198.228.234.145
1,198.228.234.145
1,198.228.234.145
1,198.228.234.145
1,198.228.234.145
1,198.228.234.145
1,198.228.234.145
1,198.228.234.145
1,198.228.234.145
1,198.228.234.145
1,198.228.234.145
1,198.228.234.145
1,198.228.234.145
1,198.228.234.145
1,198.228.234.145
1,198.228.234.145
1,198.228.234.145
1,198.228.234.145
1,198.228.234.145
1,198.228.234.145
1,198.228.234.145
1,198.228.234.145
1,198.228.234.145
1,198.228.234.145
1,198.228.234.145
1,198.228.234.145
1,198.228.234.145
1,198.228.234.145
1,198.228.234.145
1,198.228.234.145
1,198.228.234.145
1,198.228.234.145
1,198.228.234.145
1,198.228.234.145
1,198.228.234.145
1,198.228.234.145
1,198.228.234.145
1,198.228.234.145
1,198.228.234.145
1,198.228.234.145
1,198.228.234.145
1,198.228.234.145
1,198.228.234.145
1,198.228.234.145
1,198.228.234.145
1,198.228.234.145
1,198.228.234.145
1,198.228.234.145
1,198.228.234.145
1,198.228.234.145
1,198.228.234.145
1,198.228.234.145
1,198.228.234.145
1,198.228.234.145
1,198.228.234.145
1,198.228.234.145
1,198.228.234.145
1,198.228.234.145
1,198.228.234.145
1,198.228.234.145
1,198.228.234.145
1,198.228.234.145
1,198.228.234.145
1,198.228.234.145
1,198.228.234.145
1,198.228.234.145
1,198.228.234.145
1,198.228.234.145
1,198.228.234.145
1,198.228.234.145
1,198.228.234.145
1,198.228.234.145
1,198.228.234.145
1,198.228.234.145
1,198.228.234.145
1,198.228.234.145
1,198.228.234.145
1,198.228.234.145
1,198.228.234.145
1,198.228.234.145
1,198.228.234.145
1,198.228.234.145
1,198.228.234.145
1,198.228.234.145
1,198.228.234.145
1,198.228.234.145
1,198.228.234.145
1,198.228.234.145
1,198.228.234.145
1,198.228.234.145
1,198.228.234.145
1,198.228.234.145
1,198.228.234.145
1,198.228.234.145
1,198.228.234.145
1,198.228.234.145
1,198.228.234.145
1,198.228.234.145
1,198.228.234.145
1,198.228.234.145
1,198.228.234.145
1,198.228.234.145
1,198.228.234.145
1,198.228.234.145
1,198.228.234.145
1,198.228.234.145
1,198.228.234.145
1,198.228.234.145
1,198.228.234.145
1,198.228.234.145
1,198.228.234.145
1,198.228.234.145
1,198.228.234.145
1,198.228.234.145
1,198.228.234.145
1,198.228.234.145
1,198.228.234.145
1,198.228.234.145
1,198.228.234.145
1,198.228.234.145
1,198.228.234.145
1,198.228.234.145
1,198.228.234.145
1,198.228.234.145
1,198.228.234.145
1,198.228.234.145
1,198.228.234.145
1,198.228.234.145
1,198.228.234.145
1,198.228.234.145
1,198.228.234.145
1,198.228.234.145
1,198.228.234.145
1,198.228.234.145
1,198.228.234.145
1,198.228.234.145
1,198.228.234.145
1,198.228.234.145
1,198.228.234.145
1,198.228.234.145
1,198.228.234.145
1,198.228.234.145
1,198.228.234.145
1,198.228.234.145
1,198.228.234.145
1,198.228.234.145
1,198.228.234.145
1,198.228.234.145
1,198.228.234.145
1,198.228.234.145
1,198.228.234.145
1,198.228.234.145
1,198.228.234.145
1,198.228.234.145
1,198.228.234.145
1,198.228.234.145
1,198.228.234.145
1,198.228.234.145
1,198.228.234.145
1,198.228.234.145
1,198.228.234.145
1,198.228.234.145
1,198.228.234.145
1,198.228.234.145
1,198.228.234.145
1,198.228.234.145
1,198.228.234.145
1,198.228.234.145
1,198.228.234.145
1,198.228.234.145
1,198.228.234.145
1,198.228.234.145
1,198.228.234.145
1,198.228.234.145
1,198.228.234.145
1,198.228.234.145
1,198.228.234.145
1,198.228.234.145
1,198.228.234.145
1,198.228.234.145
1,198.228.234.145
1,198.228.234.145
1,198.228.234.145
1,198.228.234.145
1,198.228.234.145
1,198.228.234.145
1,198.228.234.145
1,198.228.234.145
1,198.228.234.145
1,198.228.234.145
1,198.228.234.145
1,198.228.234.145
1,198.228.234.145
1,198.228.234.145
1,198.228.234.145
1,198.228.234.145
1,198.228.234.145
1,198.228.234.145
1,198.228.234.145
1,198.228.234.145
1,198.228.234.145
1,198.228.234.145
1,198.228.234.145
1,198.228.234.145
1,198.228.234.145
1,198.228.234.145
1,198.228.234.145
1,198.228.234.145
1,198.228.234.145
1,198.228.234.145
1,198.228.234.145
1,198.228.234.145
1,198.228.234.145
1,198.228.234.145
1,198.228.234.145
1,198.228.234.145
1,198.228.234.145
1,198.228.234.145
1,198.228.234.145
1,198.228.234.145
1,198.228.234.145
1,198.228.234.145
1,198.228.234.145
1,198.228.234.145
1,198.228.234.145
1,198.228.234.145
1,198.228.234.145
1,198.228.234.145
1,198.228.234.145
1,198.228.234.145
1,198.228.234.145
1,198.228.234.145
1,198.228.234.145
1,198.228.234.145
1,198.228.234.145
1,198.228.234.145
1,198.228.234.145
1,198.228.234.145
1,198.228.234.145
1,198.228.234.145
1,198.228.234.145
1,198.228.234.145
1,198.228.234.145
1,198.228.234.145
1,198.228.234.145
1,198.228.234.145
1,198.228.234.145
1,198.228.234.145
1,198.228.234.145
1,198.228.234.145
1,198.228.234.145
1,198.228.234.145
1,198.228.234.145
1,198.228.234.145
1,198.228.234.145
1,198.228.234.145
1,198.228.234.145
1,198.228.234.145
1,198.228.234.145
1,198.228.234.145
1,198.228.234.145
1,198.228.234.145
1,198.228.234.145
1,198.228.234.145
1,198.228.234.145
1,198.228.234.145
1,198.228.234.145
1,198.228.234.145
1,198.228.234.145
1,198.228.234.145
1,198.228.234.145
1,198.228.234.145
1,198.228.234.145
1,198.228.234.145
1,198.228.234.145
1,198.228.234.145
1,198.228.234.145
1,198.228.234.145
1,198.228.234.145
1,198.228.234.145
1,198.228.234.145
1,198.228.234.145
1,198.228.234.145
1,198.228.234.145
1,198.228.234.145
1,198.228.234.145
1,198.228.234.145
1,198.228.234.145
1,198.228.234.145
1,198.228.234.145
1,198.228.234.145
1,198.228.234.145
1,198.228.234.145
1,198.228.234.145
1,198.228.234.145
1,198.228.234.145
1,198.228.234.145
1,198.228.234.145
1,198.228.234.145
1,198.228.234.145
1,198.228.234.145
1,198.228.234.145
1,198.228.234.145
1,198.228.234.145
1,198.228.234.145
1,198.228.234.145
1,198.228.234.145
1,198.228.234.145
1,198.228.234.145
1,198.228.234.145
1,198.228.234.145
1,198.228.234.145
1,198.228.234.145
1,198.228.234.145
1,198.228.234.145
1,198.228.234.145
1,198.228.234.145
1,198.228.234.145
1,198.228.234.145
1,198.228.234.145
1,198.228.234.145
1,198.228.234.145
1,198.228.234.145
1,198.228.234.145
1,198.228.234.145
1,198.228.234.145
1,198.228.234.145
1,198.228.234.145
1,198.228.234.145
1,198.228.234.145
1,198.228.234.145
1,198.228.234.145
1,198.228.234.145
1,198.228.234.145
1,198.228.234.145
1,198.228.234.145
1,198.228.234.145
1,198.228.234.145
1,198.228.234.145
1,198.228.234.145
1,198.228.234.145
1,198.228.234.145
1,198.228.234.145
1,198.228.234.145
1,198.228.234.145
1,198.228.234.145
1,198.228.234.145
1,198.228.234.145
1,198.228.234.145
1,198.228.234.145
1,198.228.234.145
1,198.228.234.145
1,198.228.234.145
1,198.228.234.145
1,198.228.234.145
1,198.228.234.145
1,198.228.234.145
1,198.228.234.145
1,198.228.234.145
1,198.228.234.145
1,198.228.234.145
1,198.228.234.145
1,198.228.234.145
1,198.228.234.145
1,198.228.234.145
1,198.228.234.145
1,198.228.234.145
1,198.228.234.145
1,198.228.234.145
1,198.228.234.145
1,198.228.234.145
1,198.228.234.145
1,198.228.234.145
1,198.228.234.145
1,198.228.234.145
1,198.228.234.145
1,198.228.234.145
1,198.228.234.145
1,198.228.234.145
1,198.228.234.145
1,198.228.234.145
1,198.228.234.145
1,198.228.234.145
1,198.228.234.145
1,198.228.234.145
1,198.228.234.145
1,198.228.234.145
1,198.228.234.145
1,198.228.234.145
1,198.228.234.145
1,198.228.234.145
1,198.228.234.145
1,198.228.234.145
1,198.228.234.145
1,198.228.234.145
1,198.228.234.145
1,198.228.234.145
1,198.228.234.145
1,198.228.234.145
1,198.228.234.145
1,198.228.234.145
1,198.228.234.145
1,198.228.234.145
1,198.228.234.145
1,198.228.234.145
1,198.228.234.145
1,198.228.234.145
1,198.228.234.145
1,198.228.234.145
1,198.228.234.145
1,198.228.234.145
1,198.228.234.145
1,198.228.234.145
1,198.228.234.145
1,198.228.234.145
1,198.228.234.145
1,198.228.234.145
1,198.228.234.145
1,198.228.234.145
1,198.228.234.145
1,198.228.234.145
1,198.228.234.145
1,198.228.234.145
1,198.228.234.145
1,198.228.234.145
1,198.228.234.145
1,198.228.234.145
1,198.228.234.145
1,198.228.234.145
1,198.228.234.145
1,198.228.234.145
1,198.228.234.145
1,198.228.234.145
1,198.228.234.145
1,198.228.234.145
1,198.228.234.145
1,198.228.234.145
1,198.228.234.145
1,198.228.234.145
1,198.228.234.145
1,198.228.234.145
1,198.228.234.145
1,198.228.234.145
1,198.228.234.145
1,198.228.234.145
1,198.228.234.145
1,198.228.234.145
1,198.228.234.145
1,198.228.234.145
1,198.228.234.145
1,198.228.234.145
1,198.228.234.145
1,198.228.234.145
1,198.228.234.145
1,198.228.234.145
1,198.228.234.145
1,198.228.234.145
1,198.228.234.145
1,198.228.234.145
1,198.228.234.145
1,198.228.234.145
1,198.228.234.145
1,198.228.234.145
1,198.228.234.145
1,198.228.234.145
1,198.228.234.145
1,198.228.234.145
1,198.228.234.145
1,198.228.234.145
1,198.228.234.145
1,198.228.234.145
1,198.228.234.145
1,198.228.234.145
1,198.228.234.145
1,198.228.234.145
1,198.228.234.145
1,198.228.234.145
1,198.228.234.145
1,198.228.234.145
1,198.228.234.145
1,198.228.234.145
1,198.228.234.145
1,198.228.234.145
1,198.228.234.145
1,198.228.234.145
1,198.228.234.145
1,198.228.234.145
1,198.228.234.145
1,198.228.234.145
1,198.228.234.145
1,198.228.234.145
1,198.228.234.145
1,198.228.234.145
1,198.228.234.145
1,198.228.234.145
1,198.228.234.145
1,198.228.234.145
1,198.228.234.145
1,198.228.234.145
1,198.228.234.145
1,198.228.234.145
1,198.228.234.145
1,198.228.234.145
1,198.228.234.145
1,198.228.234.145
1,198.228.234.145
1,198.228.234.145
1,198.228.234.145
1,198.228.234.145
1,198.228.234.145
1,198.228.234.145
1,198.228.234.145
1,198.228.234.145
1,198.228.234.145
1,198.228.234.145
1,198.228.234.145
1,198.228.234.145
1,216.106.157.55
1,216.106.157.55
1,216.106.157.55
1,216.106.157.55
1,216.106.157.55
1,216.106.157.55
1,216.106.157.55
1,216.106.157.55
1,216.106.157.55
1,216.106.157.55
1,216.106.157.55
1,216.106.157.55
1,216.106.157.55
1,216.106.157.55
1,216.106.157.55
1,216.106.157.55
1,216.106.157.55
1,216.106.157.55
1,216.106.157.55
1,216.106.157.55
1,216.106.157.55
1,216.106.157.55
1,216.106.157.55
1,216.106.157.55
1,216.106.157.55
1,216.106.157.55
1,216.106.157.55
1,216.106.157.55
1,216.106.157.55
1,216.106.157.55
1,216.106.157.55
1,216.106.157.55
1,216.106.157.55
1,216.106.157.55
1,216.106.157.55
1,216.106.157.55
1,216.106.157.55
1,216.106.157.55
1,216.106.157.55
1,216.106.157.55
1,216.106.157.55
1,216.106.157.55
1,216.106.157.55
1,216.106.157.55
1,216.106.157.55
1,216.106.157.55
1,216.106.157.55
1,216.106.157.55
1,216.106.157.55
1,216.106.157.55
1,216.106.157.55
1,216.106.157.55
1,216.106.157.55
1,216.106.157.55
1,216.106.157.55
1,216.106.157.55
1,216.106.157.55
1,216.106.157.55
1,216.106.157.55
1,216.106.157.55
1,216.106.157.55
1,216.106.157.55
1,216.106.157.55
1,216.106.157.55
1,216.106.157.55
1,216.106.157.55
1,216.106.157.55
1,216.106.157.55
1,216.106.157.55
1,216.106.157.55
1,216.106.157.55
1,216.106.157.55
1,216.106.157.55
1,216.106.157.55
1,216.106.157.55
1,216.106.157.55
1,216.106.157.55
1,216.106.157.55
1,216.106.157.55
1,216.106.157.55
1,216.106.157.55
1,216.106.157.55
1,216.106.157.55
1,216.106.157.55
1,216.106.157.55
1,216.106.157.55
1,216.106.157.55
1,216.106.157.55
1,216.106.157.55
1,216.106.157.55
1,216.106.157.55
1,216.106.157.55
1,216.106.157.55
1,216.106.157.55
1,216.106.157.55
1,216.106.157.55
1,216.106.157.55
1,216.106.157.55
1,216.106.157.55
0,216.106.157.55
1,216.106.157.55
0,216.106.157.55
0,216.106.157.55
0,216.106.157.55
0,216.106.157.55
0,216.106.157.55
0,216.106.157.55
1,216.106.157.55
1,216.106.157.55
0,216.106.157.55
1,216.106.157.55
1,216.106.157.55
1,216.106.157.55
1,216.106.157.55
1,216.106.157.55
1,216.106.157.55
1,216.106.157.55
1,216.106.157.55
1,216.106.157.55
1,216.106.157.55
1,216.106.157.55
1,216.106.157.55
1,216.106.157.55
1,216.106.157.55
0,216.106.157.55
0,216.106.157.55
1,216.106.157.55
1,216.106.157.55
0,216.106.157.55
1,216.106.157.55
0,216.106.157.55
1,216.106.157.55
1,216.106.157.55
1,216.106.157.55
1,216.106.157.55
0,216.106.157.55
1,216.106.157.55
1,216.106.157.55
1,216.106.157.55
1,216.106.157.55
1,216.106.157.55
1,216.106.157.55
1,216.106.157.55
1,216.106.157.55
1,216.106.157.55
1,216.106.157.55
0,216.106.157.55
1,216.106.157.55
1,216.106.157.55
1,216.106.157.55
1,216.106.157.55
1,216.106.157.55
1,216.106.157.55
1,216.106.157.55
0,216.106.157.55
0,216.106.157.55
0,216.106.157.55
1,216.106.157.55
0,216.106.157.55
1,216.106.157.55
1,216.106.157.55
1,216.106.157.55
1,216.106.157.55
0,216.106.157.55
0,216.106.157.55
0,216.106.157.55
0,216.106.157.55
0,216.106.157.55
0,216.106.157.55
0,216.106.157.55
0,216.106.157.55
0,216.106.157.55
0,216.106.157.55
0,216.106.157.55
0,216.106.157.55
0,216.106.157.55
0,216.106.157.55
0,216.106.157.55
0,216.106.157.55
0,216.106.157.55
0,216.106.157.55
0,216.106.157.55
0,216.106.157.55
0,216.106.157.55
0,216.106.157.55
0,216.106.157.55
0,216.106.157.55
0,216.106.157.55
0,216.106.157.55
0,216.106.157.55
0,216.106.157.55
0,216.106.157.55
0,216.106.157.55
0,216.106.157.55
0,216.106.157.55
0,216.106.157.55
0,216.106.157.55
0,216.106.157.55
0,216.106.157.55
0,216.106.157.55
0,216.106.157.55
0,216.106.157.55
0,216.106.157.55
0,216.106.157.55
0,216.106.157.55
0,216.106.157.55
0,216.106.157.55
0,216.106.157.55
0,216.106.157.55
0,216.106.157.55
0,216.106.157.55
0,216.106.157.55
0,216.106.157.55
0,216.106.157.55
0,216.106.157.55
0,216.106.157.55
0,216.106.157.55
0,216.106.157.55
0,216.106.157.55
0,216.106.157.55
0,216.106.157.55
0,216.106.157.55
0,216.106.157.55
0,216.106.157.55
0,216.106.157.55
0,216.106.157.55
0,216.106.157.55
0,216.106.157.55
0,216.106.157.55
0,216.106.157.55
0,216.106.157.55
0,216.106.157.55
0,216.106.157.55
0,216.106.157.55
0,216.106.157.55
0,216.106.157.55
0,216.106.157.55
0,216.106.157.55
0,216.106.157.55
0,216.106.157.55
0,216.106.157.55
0,216.106.157.55
0,216.106.157.55
0,216.106.157.55
0,216.106.157.55
0,216.106.157.55
0,216.106.157.55
0,216.106.157.55
0,216.106.157.55
0,216.106.157.55
0,216.106.157.55
0,216.106.157.55
0,216.106.157.55
0,216.106.157.55
0,216.106.157.55
0,216.106.157.55
0,216.106.157.55
0,216.106.157.55
0,216.106.157.55
0,216.106.157.55
0,216.106.157.55
0,216.106.157.55
0,216.106.157.55
0,216.106.157.55
0,216.106.157.55
0,216.106.157.55
0,216.106.157.55
0,216.106.157.55
0,216.106.157.55
0,216.106.157.55
0,216.106.157.55
0,216.106.157.55
0,216.106.157.55
0,216.106.157.55
0,216.106.157.55
0,216.106.157.55
0,216.106.157.55
0,216.106.157.55
0,216.106.157.55
0,216.106.157.55
0,216.106.157.55
0,216.106.157.55
0,216.106.157.55
0,216.106.157.55
0,216.106.157.55
0,216.106.157.55
0,216.106.157.55
0,216.106.157.55
0,216.106.157.55
0,216.106.157.55
0,216.106.157.55
0,216.106.157.55
0,216.106.157.55
0,216.106.157.55
0,216.106.157.55
0,216.106.157.55
0,216.106.157.55
0,216.106.157.55
0,216.106.157.55
0,216.106.157.55
0,216.106.157.55
0,216.106.157.55
0,216.106.157.55
0,216.106.157.55
0,216.106.157.55
0,216.106.157.55
0,216.106.157.55
0,216.106.157.55
0,216.106.157.55
0,216.106.157.55
0,216.106.157.55
0,216.106.157.55
0,216.106.157.55
0,216.106.157.55
0,216.106.157.55
0,216.106.157.55
0,216.106.157.55
0,216.106.157.55
1,216.106.157.55
1,216.106.157.55
1,216.106.157.55
1,216.106.157.55
1,216.106.157.55
1,216.106.157.55
1,216.106.157.55
0,216.106.157.55
0,216.106.157.55
0,216.106.157.55
1,216.106.157.55
1,216.106.157.55
0,216.106.157.55
1,216.106.157.55
0,216.106.157.55
0,216.106.157.55
0,216.106.157.55
0,216.106.157.55
0,216.106.157.55
0,216.106.157.55
0,216.106.157.55
0,216.106.157.55
0,216.106.157.55
0,216.106.157.55
0,216.106.157.55
1,216.106.157.55
0,216.106.157.55
0,216.106.157.55
0,216.106.157.55
0,216.106.157.55
0,216.106.157.55
0,216.106.157.55
0,216.106.157.55
1,216.106.157.55
0,216.106.157.55
0,216.106.157.55
0,216.106.157.55
0,216.106.157.55
0,216.106.157.55
0,216.106.157.55
0,216.106.157.55
0,216.106.157.55
0,216.106.157.55
0,216.106.157.55
0,216.106.157.55
0,216.106.157.55
0,216.106.157.55
0,216.106.157.55
0,216.106.157.55
0,216.106.157.55
0,216.106.157.55
0,216.106.157.55
0,216.106.157.55
0,216.106.157.55
0,216.106.157.55
0,216.106.157.55
0,216.106.157.55
0,216.106.157.55
0,216.106.157.55
0,216.106.157.55
0,216.106.157.55
0,216.106.157.55
0,216.106.157.55
0,216.106.157.55
0,216.106.157.55
0,216.106.157.55
0,216.106.157.55
0,216.106.157.55
0,216.106.157.55
0,216.106.157.55
0,216.106.157.55
0,216.106.157.55
0,216.106.157.55
0,216.106.157.55
0,216.106.157.55
0,216.106.157.55
0,216.106.157.55
0,216.106.157.55
0,216.106.157.55
0,216.106.157.55
0,216.106.157.55
0,216.106.157.55
0,216.106.157.55
0,216.106.157.55
0,216.106.157.55
0,216.106.157.55
0,216.106.157.55
0,216.106.157.55
0,216.106.157.55
0,216.106.157.55
0,216.106.157.55
0,216.106.157.55
0,216.106.157.55
0,216.106.157.55
0,216.106.157.55
0,216.106.157.55
0,216.106.157.55
0,216.106.157.55
0,216.106.157.55
1,216.106.157.55
1,216.106.157.55
1,216.106.157.55
1,216.106.157.55
1,216.106.157.55
1,216.106.157.55
1,216.106.157.55
1,216.106.157.55
1,216.106.157.55
1,216.106.157.55
1,216.106.157.55
1,216.106.157.55
1,216.106.157.55
1,216.106.157.55
1,216.106.157.55
1,216.106.157.55
1,216.106.157.55
1,216.106.157.55
1,216.106.157.55
1,216.106.157.55
1,216.106.157.55
1,216.106.157.55
1,216.106.157.55
1,216.106.157.55
1,216.106.157.55
1,216.106.157.55
1,216.106.157.55
1,216.106.157.55
1,216.106.157.55
0,216.106.157.55
1,216.106.157.55
1,216.106.157.55
1,216.106.157.55
1,216.106.157.55
1,216.106.157.55
1,216.106.157.55
1,216.106.157.55
1,216.106.157.55
1,216.106.157.55
1,216.106.157.55
1,216.106.157.55
1,216.106.157.55
1,216.106.157.55
1,216.106.157.55
1,216.106.157.55
1,216.106.157.55
1,216.106.157.55
1,216.106.157.55
1,216.106.157.55
1,216.106.157.55
1,216.106.157.55
1,216.106.157.55
1,216.106.157.55
1,216.106.157.55
1,216.106.157.55
1,216.106.157.55
1,216.106.157.55
1,216.106.157.55
1,216.106.157.55
1,216.106.157.55
1,216.106.157.55
1,216.106.157.55
1,216.106.157.55
1,216.106.157.55
1,216.106.157.55
1,216.106.157.55
1,216.106.157.55
1,216.106.157.55
1,216.106.157.55
0,216.106.157.55
0,216.106.157.55
0,216.106.157.55
1,216.106.157.55
0,216.106.157.55
0,216.106.157.55
0,216.106.157.55
1,216.106.157.55
1,216.106.157.55
0,216.106.157.55
1,216.106.157.55
1,216.106.157.55
1,216.106.157.55
1,216.106.157.55
1,216.106.157.55
1,216.106.157.55
1,216.106.157.55
1,216.106.157.55
1,216.106.157.55
1,216.106.157.55
1,216.106.157.55
1,216.106.157.55
1,216.106.157.55
1,216.106.157.55
1,216.106.157.55
1,216.106.157.55
1,216.106.157.55
1,216.106.157.55
1,216.106.157.55
1,216.106.157.55
1,216.106.157.55
1,216.106.157.55
1,216.106.157.55
1,216.106.157.55
1,216.106.157.55
1,216.106.157.55
1,216.106.157.55
1,216.106.157.55
1,216.106.157.55
1,216.106.157.55
1,216.106.157.55
1,216.106.157.55
1,216.106.157.55
1,216.106.157.55
1,216.106.157.55
1,216.106.157.55
1,216.106.157.55
1,216.106.157.55
1,216.106.157.55
1,216.106.157.55
1,216.106.157.55
1,216.106.157.55
1,216.106.157.55
1,216.106.157.55
1,216.106.157.55
1,216.106.157.55
1,216.106.157.55
1,216.106.157.55
1,216.106.157.55
1,216.106.157.55
1,216.106.157.55
1,216.106.157.55
1,216.106.157.55
1,216.106.157.55
1,216.106.157.55
1,216.106.157.55
1,216.106.157.55
1,216.106.157.55
1,216.106.157.55
1,216.106.157.55
1,216.106.157.55
1,216.106.157.55
1,216.106.157.55
1,216.106.157.55
1,216.106.157.55
1,216.106.157.55
1,216.106.157.55
1,216.106.157.55
1,216.106.157.55
1,216.106.157.55
1,216.106.157.55
1,216.106.157.55
1,216.106.157.55
1,216.106.157.55
1,216.106.157.55
1,216.106.157.55
1,216.106.157.55
1,216.106.157.55
1,216.106.157.55
1,216.106.157.55
1,216.106.157.55
1,216.106.157.55
1,216.106.157.55
1,216.106.157.55
1,216.106.157.55
1,216.106.157.55
1,216.106.157.55
1,216.106.157.55
1,216.106.157.55
1,216.106.157.55
1,216.106.157.55
0,216.106.157.55
1,216.106.157.55
1,216.106.157.55
1,216.106.157.55
0,216.106.157.55
0,216.106.157.55
0,216.106.157.55
1,216.106.157.55
1,216.106.157.55
1,216.106.157.55
1,216.106.157.55
1,216.106.157.55
1,216.106.157.55
1,216.106.157.55
1,216.106.157.55
1,216.106.157.55
1,216.106.157.55
1,216.106.157.55
1,216.106.157.55
1,216.106.157.55
1,216.106.157.55
1,216.106.157.55
1,216.106.157.55
1,216.106.157.55
1,216.106.157.55
1,216.106.157.55
1,216.106.157.55
1,216.106.157.55
1,216.106.157.55
1,216.106.157.55
1,216.106.157.55
1,216.106.157.55
1,216.106.157.55
1,216.106.157.55
1,216.106.157.55
1,216.106.157.55
1,216.106.157.55
1,216.106.157.55
1,216.106.157.55
1,216.106.157.55
1,216.106.157.55
1,216.106.157.55
1,216.106.157.55
1,216.106.157.55
1,216.106.157.55
1,216.106.157.55
1,216.106.157.55
1,216.106.157.55
1,216.106.157.55
1,216.106.157.55
1,216.106.157.55
1,216.106.157.55
1,216.106.157.55
1,216.106.157.55
1,216.106.157.55
1,216.106.157.55
1,216.106.157.55
1,216.106.157.55
1,216.106.157.55
1,216.106.157.55
1,216.106.157.55
1,216.106.157.55
1,216.106.157.55
1,216.106.157.55
1,216.106.157.55
1,216.106.157.55
1,216.106.157.55
1,216.106.157.55
1,216.106.157.55
1,216.106.157.55
1,216.106.157.55
1,216.106.157.55
1,216.106.157.55
1,216.106.157.55
1,216.106.157.55
1,216.106.157.55
1,216.106.157.55
1,216.106.157.55
1,216.106.157.55
1,216.106.157.55
1,216.106.157.55
1,216.106.157.55
1,216.106.157.55
1,216.106.157.55
1,216.106.157.55
1,216.106.157.55
1,216.106.157.55
1,216.106.157.55
1,216.106.157.55
1,216.106.157.55
1,216.106.157.55
1,216.106.157.55
1,216.106.157.55
1,216.106.157.55
1,216.106.157.55
1,216.106.157.55
1,216.106.157.55
1,216.106.157.55
1,216.106.157.55
1,216.106.157.55
1,216.106.157.55
1,216.106.157.55
1,216.106.157.55
1,216.106.157.55
1,216.106.157.55
1,216.106.157.55
1,216.106.157.55
1,216.106.157.55
1,216.106.157.55
1,216.106.157.55
1,216.106.157.55
1,216.106.157.55
1,216.106.157.55
1,216.106.157.55
1,216.106.157.55
1,216.106.157.55
1,216.106.157.55
1,216.106.157.55
1,216.106.157.55
1,216.106.157.55
1,216.106.157.55
1,216.106.157.55
1,216.106.157.55
1,216.106.157.55
1,216.106.157.55
1,216.106.157.55
1,216.106.157.55
1,216.106.157.55
1,216.106.157.55
1,216.106.157.55
1,216.106.157.55
1,216.106.157.55
1,216.106.157.55
1,216.106.157.55
1,216.106.157.55
1,216.106.157.55
1,216.106.157.55
1,216.106.157.55
1,216.106.157.55
1,216.106.157.55
1,216.106.157.55
1,216.106.157.55
1,216.106.157.55
1,216.106.157.55
1,216.106.157.55
1,216.106.157.55
1,216.106.157.55
1,216.106.157.55
1,216.106.157.55
1,216.106.157.55
1,216.106.157.55
1,216.106.157.55
1,216.106.157.55
1,216.106.157.55
1,216.106.157.55
1,216.106.157.55
1,216.106.157.55
1,216.106.157.55
1,216.106.157.55
1,216.106.157.55
1,216.106.157.55
1,216.106.157.55
1,216.106.157.55
1,216.106.157.55
1,216.106.157.55
1,216.106.157.55
1,216.106.157.55
1,216.106.157.55
1,216.106.157.55
1,216.106.157.55
1,216.106.157.55
1,216.106.157.55
1,216.106.157.55
1,216.106.157.55
1,216.106.157.55
1,216.106.157.55
1,216.106.157.55
1,216.106.157.55
1,216.106.157.55
1,216.106.157.55
1,216.106.157.55
1,216.106.157.55
1,216.106.157.55
1,216.106.157.55
1,216.106.157.55
1,216.106.157.55
1,216.106.157.55
1,216.106.157.55
1,216.106.157.55
1,216.106.157.55
1,216.106.157.55
1,216.106.157.55
1,216.106.157.55
1,216.106.157.55
1,216.106.157.55
1,216.106.157.55
1,216.106.157.55
1,216.106.157.55
1,216.106.157.55
1,216.106.157.55
1,216.106.157.55
1,216.106.157.55
1,216.106.157.55
1,216.106.157.55
1,216.106.157.55
1,216.106.157.55
1,216.106.157.55
1,216.106.157.55
1,216.106.157.55
1,216.106.157.55
1,216.106.157.55
1,216.106.157.55
1,216.106.157.55
1,216.106.157.55
1,216.106.157.55
1,216.106.157.55
1,216.106.157.55
1,216.106.157.55
1,216.106.157.55
1,216.106.157.55
1,216.106.157.55
1,216.106.157.55
1,216.106.157.55
1,216.106.157.55
1,216.106.157.55
1,216.106.157.55
1,216.106.157.55
1,216.106.157.55
1,216.106.157.55
1,216.106.157.55
1,216.106.157.55
1,216.106.157.55
1,216.106.157.55
1,216.106.157.55
1,216.106.157.55
1,216.106.157.55
1,216.106.157.55
1,216.106.157.55
1,216.106.157.55
1,216.106.157.55
1,216.106.157.55
1,216.106.157.55
1,216.106.157.55
1,216.106.157.55
1,216.106.157.55
1,216.106.157.55
1,216.106.157.55
1,216.106.157.55
1,216.106.157.55
1,216.106.157.55
1,216.106.157.55
1,216.106.157.55
1,216.106.157.55
1,216.106.157.55
1,216.106.157.55
1,216.106.157.55
1,216.106.157.55
1,216.106.157.55
1,216.106.157.5