1,216.106.158.180
1,216.106.158.180
1,216.106.158.180
1,216.106.158.180
1,216.106.158.180
1,216.106.158.180
1,216.106.158.180
1,216.106.158.180
1,216.106.158.180
1,216.106.158.180
1,216.106.158.180
1,216.106.158.180
1,216.106.158.180
1,216.106.158.180
1,216.106.158.180
1,216.106.158.180
1,216.106.158.180
1,216.106.158.180
1,216.106.158.180
1,216.106.158.180
1,216.106.158.180
0,NONE
1,216.106.158.180
1,216.106.158.180
1,216.106.158.180
1,216.106.158.180
1,216.106.158.180
0,NONE
1,216.106.158.180
1,216.106.158.180
1,216.106.158.180
1,216.106.158.180
1,216.106.158.180
1,216.106.158.180
1,216.106.158.180
1,216.106.158.180
1,216.106.158.180
1,216.106.158.180
0,NONE
1,216.106.158.180
1,216.106.158.180
1,216.106.158.180
1,216.106.158.180
1,216.106.158.180
1,216.106.158.180
1,216.106.158.180
1,216.106.158.180
1,216.106.158.180
1,216.106.158.180
1,216.106.158.180
1,216.106.158.180
0,NONE
1,216.106.158.180
1,216.106.158.180
0,NONE
1,216.106.158.180
1,216.106.158.180
1,216.106.158.180
1,216.106.158.180
1,216.106.158.180
1,216.106.158.180
1,216.106.158.180
1,216.106.158.180
1,216.106.158.180
1,216.106.158.180
1,216.106.158.180
1,216.106.158.180
1,216.106.158.180
1,216.106.158.180
1,216.106.158.180
1,216.106.158.180
1,216.106.158.180
1,216.106.158.180
1,216.106.158.180
1,216.106.158.180
1,216.106.158.180
1,216.106.158.180
1,216.106.158.180
1,216.106.158.180
1,216.106.158.180
1,216.106.158.180
1,216.106.158.180
1,216.106.158.180
1,216.106.158.180
1,216.106.158.180
1,216.106.158.180
1,216.106.158.180
1,216.106.158.180
1,216.106.158.180
1,216.106.158.180
1,216.106.158.180
1,216.106.158.180
1,216.106.158.180
1,216.106.158.180
1,216.106.158.180
1,216.106.158.180
1,216.106.158.180
1,216.106.158.180
1,216.106.158.180
1,216.106.158.180
1,216.106.158.180
1,216.106.158.180
1,216.106.158.180
1,216.106.158.180
0,NONE
1,216.106.158.180
1,216.106.158.180
1,216.106.158.180
0,NONE
1,216.106.158.180
0,NONE
0,NONE
0,NONE
1,216.106.158.180
0,NONE
0,NONE
0,NONE
0,NONE
0,NONE
0,NONE
1,216.106.158.180
1,216.106.158.180
1,216.106.158.180
1,216.106.158.180
1,216.106.158.180
1,216.106.158.180
1,216.106.158.180
0,NONE
0,NONE
0,NONE
0,NONE
0,NONE
0,NONE
0,NONE
0,NONE
0,NONE
0,NONE
0,NONE
0,NONE
0,NONE
0,NONE
0,NONE
0,NONE
0,NONE
0,NONE
0,NONE
0,NONE
0,NONE
0,NONE
0,NONE
0,NONE
0,NONE
0,NONE
0,NONE
0,NONE
0,NONE
0,NONE
0,NONE
0,NONE
0,NONE
1,32.140.84.134
1,32.140.84.134
1,32.140.84.134
1,32.140.84.134
1,32.140.84.134
1,32.140.84.134
1,32.140.84.134
1,32.140.84.134
1,32.140.84.134
1,32.140.84.134
1,32.140.84.134
1,32.140.84.134
1,32.140.84.134
1,32.140.84.134
1,32.140.84.134
1,32.140.84.134
1,32.140.84.134
1,32.140.84.134
1,32.140.84.134
1,32.140.84.134
1,32.140.84.134
1,32.140.84.134
1,32.140.84.134
1,32.140.84.134
1,32.140.84.134
1,32.140.84.134
1,32.140.84.134
1,32.140.84.134
1,32.140.84.134
1,32.140.84.134
1,32.140.84.134
1,32.140.84.134
1,32.140.84.134
1,32.140.84.134
1,32.140.84.134
1,32.140.84.134
1,32.140.84.134
1,32.140.84.134
1,32.140.84.134
1,32.140.84.134
1,32.140.84.134
1,32.140.84.134
1,32.140.84.134
1,32.140.84.134
1,32.140.84.134
1,32.140.84.134
1,32.140.84.134
1,32.140.84.134
1,32.140.84.134
1,32.140.84.134
1,32.140.84.134
1,32.140.84.134
1,32.140.84.134
1,32.140.84.134
1,32.140.84.134
1,32.140.84.134
1,32.140.84.134
1,32.140.84.134
1,32.140.84.134
1,32.140.84.134
1,32.140.84.134
1,32.140.84.134
1,32.140.84.134
1,32.140.84.134
1,32.140.84.134
1,32.140.84.134
1,32.140.84.134
1,32.140.84.134
1,32.140.84.134
1,32.140.84.134
1,32.140.84.134
1,32.140.84.134
1,32.140.84.134
1,32.140.84.134
1,32.140.84.134
1,32.140.84.134
1,32.140.84.134
1,32.140.84.134
1,32.140.84.134
1,32.140.84.134
1,32.140.84.134
1,32.140.84.134
1,32.140.84.134
1,32.140.84.134
1,32.140.84.134
1,32.140.84.134
1,32.140.84.134
1,32.140.84.134
1,32.140.84.134
1,32.140.84.134
1,32.140.84.134
1,32.140.84.134
1,32.140.84.134
1,32.140.84.134
1,32.140.84.134
1,32.140.84.134
1,32.140.84.134
1,32.140.84.134
1,32.140.84.134
1,32.140.84.134
1,32.140.84.134
1,32.140.84.134
1,32.140.84.134
1,32.140.84.134
1,216.106.158.180
1,216.106.158.180
1,216.106.158.180
1,216.106.158.180
1,216.106.158.180
1,216.106.158.180
1,216.106.158.180
1,216.106.158.180
1,216.106.158.180
1,216.106.158.180
1,216.106.158.180
1,216.106.158.180
1,216.106.158.180
1,216.106.158.180
1,216.106.158.180
1,216.106.158.180
1,216.106.158.180
1,216.106.158.180
1,216.106.158.180
1,216.106.158.180
1,216.106.158.180
1,216.106.158.180
1,216.106.158.180
1,216.106.158.180
1,216.106.158.180
1,216.106.158.180
1,216.106.158.180
1,216.106.158.180
1,216.106.158.180
1,216.106.158.180
1,216.106.158.180
1,216.106.158.180
1,216.106.158.180
1,216.106.158.180
1,216.106.158.180
1,216.106.158.180
1,216.106.158.180
1,216.106.158.180
1,216.106.158.180
1,216.106.158.180
1,216.106.158.180
1,216.106.158.180
1,216.106.158.180
1,216.106.158.180
1,216.106.158.180
1,216.106.158.180
1,216.106.158.180
1,216.106.158.180
1,216.106.158.180
1,216.106.158.180
1,216.106.158.180
1,216.106.158.180
1,216.106.158.180
1,216.106.158.180
1,216.106.158.180
1,216.106.158.180
1,216.106.158.180
1,216.106.158.180
1,216.106.158.180
1,216.106.158.180
1,216.106.158.180
1,216.106.158.180
1,216.106.158.180
1,216.106.158.180
1,216.106.158.180
1,216.106.158.180
1,216.106.158.180
1,216.106.158.180
1,216.106.158.180
1,216.106.158.180
1,216.106.158.180
1,216.106.158.180
1,216.106.158.180
1,216.106.158.180
1,216.106.158.180
1,216.106.158.180
1,216.106.158.180
1,216.106.158.180
1,216.106.158.180
1,216.106.158.180
1,216.106.158.180
1,216.106.158.180
1,216.106.158.180
1,216.106.158.180
1,216.106.158.180
1,216.106.158.180
1,216.106.158.180
1,216.106.158.180
1,216.106.158.180
1,216.106.158.180
1,216.106.158.180
1,216.106.158.180
1,216.106.158.180
1,216.106.158.180
1,216.106.158.180
1,216.106.158.180
1,216.106.158.180
1,216.106.158.180
1,216.106.158.180
1,216.106.158.180
1,216.106.158.180
1,216.106.158.180
1,216.106.158.180
1,216.106.158.180
1,216.106.158.180
1,216.106.158.180
1,216.106.158.180
1,216.106.158.180
1,216.106.158.180
1,216.106.158.180
1,216.106.158.180
1,216.106.158.180
1,216.106.158.180
1,216.106.158.180
1,216.106.158.180
1,216.106.158.180
1,216.106.158.180
1,216.106.158.180
1,216.106.158.180
1,216.106.158.180
1,216.106.158.180
1,216.106.158.180
1,216.106.158.180
1,216.106.158.180
1,216.106.158.180
1,216.106.158.180
1,216.106.158.180
1,216.106.158.180
1,216.106.158.180
1,216.106.158.180
1,216.106.158.180
1,216.106.158.180
1,216.106.158.180
1,216.106.158.180
1,216.106.158.180
1,216.106.158.180
1,216.106.158.180
1,216.106.158.180
1,216.106.158.180
1,216.106.158.180
1,216.106.158.180
1,216.106.158.180
1,216.106.158.180
1,216.106.158.180
1,216.106.158.180
1,216.106.158.180
1,216.106.158.180
1,216.106.158.180
1,216.106.158.180
1,216.106.158.180
1,216.106.158.180
1,216.106.158.180
1,216.106.158.180
1,216.106.158.180
1,216.106.158.180
1,216.106.158.180
1,216.106.158.180
1,216.106.158.180
1,216.106.158.180
1,216.106.158.180
1,216.106.158.180
1,216.106.158.180
1,216.106.158.180
1,216.106.158.180
1,216.106.158.180
1,216.106.158.180
1,216.106.158.180
1,216.106.158.180
1,216.106.158.180
1,216.106.158.180
1,216.106.158.180
1,216.106.158.180
1,216.106.158.180
1,216.106.158.180
1,216.106.158.180
1,216.106.158.180
1,216.106.158.180
1,216.106.158.180
1,216.106.158.180
1,216.106.158.180
1,216.106.158.180
1,216.106.158.180
1,216.106.158.180
1,216.106.158.180
1,216.106.158.180
1,216.106.158.180
1,216.106.158.180
1,216.106.158.180
1,216.106.158.180
1,216.106.158.180
1,216.106.158.180
1,216.106.158.180
1,216.106.158.180
1,216.106.158.180
1,216.106.158.180
1,216.106.158.180
1,216.106.158.180
1,216.106.158.180
1,216.106.158.180
1,216.106.158.180
1,216.106.158.180
1,216.106.158.180
1,216.106.158.180
1,216.106.158.180
1,216.106.158.180
1,216.106.158.180
1,216.106.158.180
1,216.106.158.180
1,216.106.158.180
1,216.106.158.180
1,216.106.158.180
1,216.106.158.180
1,216.106.158.180
1,216.106.158.180
1,216.106.158.180
1,216.106.158.180
1,216.106.158.180
1,216.106.158.180
1,216.106.158.180
1,216.106.158.180
1,216.106.158.180
1,216.106.158.180
1,216.106.158.180
1,216.106.158.180
1,216.106.158.180
1,216.106.158.180
1,216.106.158.180
1,216.106.158.180
1,216.106.158.180
1,216.106.158.180
1,216.106.158.180
1,216.106.158.180
1,216.106.158.180
1,216.106.158.180
1,216.106.158.180
1,216.106.158.180
1,216.106.158.180
1,216.106.158.180
1,216.106.158.180
1,216.106.158.180
1,216.106.158.180
1,216.106.158.180
1,216.106.158.180
1,216.106.158.180
1,216.106.158.180
1,216.106.158.180
1,216.106.158.180
1,216.106.158.180
1,216.106.158.180
1,216.106.158.180
1,216.106.158.180
1,216.106.158.180
1,216.106.158.180
1,216.106.158.180
1,216.106.158.180
1,216.106.158.180
1,216.106.158.180
1,216.106.158.180
1,216.106.158.180
1,216.106.158.180
1,216.106.158.180
1,216.106.158.180
1,216.106.158.180
1,216.106.158.180
1,216.106.158.180
1,216.106.158.180
1,216.106.158.180
1,216.106.158.180
1,216.106.158.180
1,216.106.158.180
1,216.106.158.180
1,216.106.158.180
1,216.106.158.180
1,216.106.158.180
1,216.106.158.180
1,216.106.158.180
1,216.106.158.180
1,216.106.158.180
1,216.106.158.180
1,216.106.158.180
1,216.106.158.180
1,216.106.158.180
1,216.106.158.180
1,216.106.158.180
1,216.106.158.180
1,216.106.158.180
1,216.106.158.180
1,216.106.158.180
1,216.106.158.180
1,216.106.158.180
1,216.106.158.180
1,216.106.158.180
1,216.106.158.180
1,216.106.158.180
1,216.106.158.180
1,216.106.158.180
1,216.106.158.180
1,216.106.158.180
1,216.106.158.180
1,216.106.158.180
1,216.106.158.180
1,216.106.158.180
1,216.106.158.180
0,NONE
1,216.106.158.180
1,216.106.158.180
1,216.106.158.180
1,216.106.158.180
1,216.106.158.180
1,216.106.158.180
1,216.106.158.180
1,216.106.158.180
1,216.106.158.180
1,216.106.158.180
1,216.106.158.180
1,216.106.158.180
1,216.106.158.180
1,216.106.158.180
1,216.106.158.180
1,216.106.158.180
1,216.106.158.180
1,216.106.158.180
1,216.106.158.180
1,216.106.158.180
1,216.106.158.180
0,NONE
1,216.106.158.180
1,216.106.158.180
1,216.106.158.180
1,216.106.158.180
1,216.106.158.180
1,216.106.158.180
1,216.106.158.180
1,216.106.158.180
1,216.106.158.180
1,216.106.158.180
1,216.106.158.180
1,216.106.158.180
1,216.106.158.180
1,216.106.158.180
1,216.106.158.180
1,216.106.158.180
1,216.106.158.180
1,216.106.158.180
1,216.106.158.180
1,216.106.158.180
1,216.106.158.180
1,216.106.158.180
1,216.106.158.180
1,216.106.158.180
1,216.106.158.180
1,216.106.158.180
1,216.106.158.180
1,216.106.158.180
1,216.106.158.180
1,216.106.158.180
1,216.106.158.180
1,216.106.158.180
1,216.106.158.180
1,216.106.158.180
1,216.106.158.180
1,216.106.158.180
1,216.106.158.180
1,216.106.158.180
1,216.106.158.180
1,216.106.158.180
1,216.106.158.180
1,216.106.158.180
1,216.106.158.180
1,216.106.158.180
1,216.106.158.180
1,216.106.158.180
1,216.106.158.180
1,216.106.158.180
1,216.106.158.180
1,216.106.158.180
1,216.106.158.180
1,216.106.158.180
1,216.106.158.180
1,216.106.158.180
1,216.106.158.180
1,216.106.158.180
1,216.106.158.180
1,216.106.158.180
1,216.106.158.180
1,216.106.158.180
1,216.106.158.180
1,216.106.158.180
1,216.106.158.180
1,216.106.158.180
1,216.106.158.180
1,216.106.158.180
1,216.106.158.180
1,216.106.158.180
1,216.106.158.180
1,216.106.158.180
1,216.106.158.180
1,216.106.158.180
1,216.106.158.180
1,216.106.158.180
1,216.106.158.180
1,216.106.158.180
1,216.106.158.180
1,216.106.158.180
1,216.106.158.180
1,216.106.158.180
1,216.106.158.180
1,216.106.158.180
1,216.106.158.180
1,216.106.158.180
1,216.106.158.180
1,216.106.158.180
1,216.106.158.180
1,216.106.158.180
1,216.106.158.180
1,216.106.158.180
1,216.106.158.180
1,216.106.158.180
1,216.106.158.180
1,216.106.158.180
1,216.106.158.180
1,216.106.158.180
1,216.106.158.180
1,216.106.158.180
1,216.106.158.180
1,216.106.158.180
1,216.106.158.180
1,216.106.158.180
1,216.106.158.180
1,216.106.158.180
1,216.106.158.180
1,216.106.158.180
1,216.106.158.180
1,216.106.158.180
1,216.106.158.180
1,216.106.158.180
1,216.106.158.180
1,216.106.158.180
1,216.106.158.180
0,NONE
1,216.106.158.180
1,216.106.158.180
0,NONE
1,216.106.158.180
1,216.106.158.180
1,216.106.158.180
1,216.106.158.180
1,216.106.158.180
1,216.106.158.180
1,216.106.158.180
1,216.106.158.180
0,NONE
1,216.106.158.180
1,216.106.158.180
0,NONE
0,NONE
1,216.106.158.180
0,NONE
1,216.106.158.180
1,216.106.158.180
1,216.106.158.180
1,216.106.158.180
1,216.106.158.180
1,216.106.158.180
1,216.106.158.180
1,216.106.158.180
0,NONE
1,216.106.158.180
1,216.106.158.180
1,216.106.158.180
1,216.106.158.180
0,NONE
1,216.106.158.180
1,216.106.158.180
1,216.106.158.180
1,216.106.158.180
1,216.106.158.180
1,216.106.158.180
1,216.106.158.180
1,216.106.158.180
1,216.106.158.180
1,216.106.158.180
1,216.106.158.180
1,216.106.158.180
1,216.106.158.180
1,216.106.158.180
1,216.106.158.180
1,216.106.158.180
1,216.106.158.180
1,216.106.158.180
1,216.106.158.180
1,216.106.158.180
1,216.106.158.180
1,216.106.158.180
1,216.106.158.180
1,216.106.158.180
1,216.106.158.180
1,216.106.158.180
1,216.106.158.180
1,216.106.158.180
1,216.106.158.180
1,216.106.158.180
1,216.106.158.180
1,216.106.158.180
1,216.106.158.180
1,216.106.158.180
1,216.106.158.180
1,216.106.158.180
1,216.106.158.180
1,216.106.158.180
1,216.106.158.180
1,216.106.158.180
1,216.106.158.180
1,216.106.158.180
1,216.106.158.180
1,216.106.158.180
0,NONE
0,NONE
1,216.106.158.180
1,216.106.158.180
0,NONE
1,216.106.158.180
0,NONE
1,216.106.158.180
0,NONE
0,NONE
1,216.106.158.180
1,216.106.158.180
0,NONE
0,NONE
1,216.106.158.180
0,NONE
0,NONE
1,216.106.158.180
0,NONE
1,216.106.158.180
1,216.106.158.180
1,216.106.158.180
1,216.106.158.180
1,216.106.158.180
1,216.106.158.180
1,216.106.158.180
1,216.106.158.180
1,216.106.158.180
1,216.106.158.180
1,216.106.158.180
1,216.106.158.180
0,NONE
1,216.106.158.180
1,216.106.158.180
1,216.106.158.180
1,216.106.158.180
1,216.106.158.180
1,216.106.158.180
1,216.106.158.180
1,216.106.158.180
1,216.106.158.180
1,216.106.158.180
1,216.106.158.180
1,216.106.158.180
1,216.106.158.180
1,216.106.158.180
1,216.106.158.180
1,216.106.158.180
1,216.106.158.180
1,216.106.158.180
1,216.106.158.180
1,216.106.158.180
1,216.106.158.180
1,216.106.158.180
1,216.106.158.180
1,216.106.158.180
1,216.106.158.180
1,216.106.158.180
1,216.106.158.180
1,216.106.158.180
1,216.106.158.180
1,216.106.158.180
1,216.106.158.180
1,216.106.158.180
1,216.106.158.180
1,216.106.158.180
1,216.106.158.180
1,216.106.158.180
1,216.106.158.180
1,216.106.158.180
1,216.106.158.180
1,216.106.158.180
1,216.106.158.180
1,216.106.158.180
1,216.106.158.180
1,216.106.158.180
0,NONE
1,216.106.158.180
1,216.106.158.180
1,216.106.158.180
1,216.106.158.180
1,216.106.158.180
1,216.106.158.180
0,NONE
0,NONE
0,NONE
0,NONE
0,NONE
0,NONE
1,216.106.158.180
1,216.106.158.180
1,216.106.158.180
1,216.106.158.180
0,NONE
1,216.106.158.180
0,NONE
1,216.106.158.180
1,216.106.158.180
1,216.106.158.180
1,216.106.158.180
1,216.106.158.180
1,216.106.158.180
1,216.106.158.180
1,216.106.158.180
1,216.106.158.180
1,216.106.158.180
1,216.106.158.180
1,216.106.158.180
1,216.106.158.180
1,216.106.158.180
1,216.106.158.180
1,216.106.158.180
1,216.106.158.180
1,216.106.158.180
1,216.106.158.180
1,216.106.158.180
1,216.106.158.180
1,216.106.158.180
1,216.106.158.180
1,216.106.158.180
1,216.106.158.180
1,216.106.158.180
1,216.106.158.180
1,216.106.158.180
1,216.106.158.180
1,216.106.158.180
1,216.106.158.180
1,216.106.158.180
0,NONE
1,216.106.158.180
1,216.106.158.180
1,216.106.158.180
1,216.106.158.180
1,216.106.158.180
1,216.106.158.180
1,216.106.158.180
1,216.106.158.180
1,216.106.158.180
1,216.106.158.180
1,216.106.158.180
1,216.106.158.180
1,216.106.158.180
1,216.106.158.180
1,216.106.158.180
1,216.106.158.180
1,216.106.158.180
1,216.106.158.180
1,216.106.158.180
1,216.106.158.180
1,216.106.158.180
1,216.106.158.180
1,216.106.158.180
1,216.106.158.180
1,216.106.158.180
1,216.106.158.180
1,216.106.158.180
1,216.106.158.180
1,216.106.158.180
1,216.106.158.180
1,216.106.158.180
1,216.106.158.180
1,216.106.158.180
1,216.106.158.180
1,216.106.158.180
1,216.106.158.180
1,216.106.158.180
1,216.106.158.180
1,216.106.158.180
1,216.106.158.180
1,216.106.158.180
1,216.106.158.180
0,NONE
1,216.106.158.180
1,216.106.158.180
1,216.106.158.180
1,216.106.158.180
0,NONE
1,216.106.158.180
0,NONE
1,216.106.158.180
1,216.106.158.180
0,NONE
0,NONE
0,NONE
0,NONE
1,216.106.158.180
1,216.106.158.180
0,NONE
0,NONE
1,216.106.158.180
1,216.106.158.180
1,216.106.158.180
1,216.106.158.180
1,216.106.158.180
1,216.106.158.180
1,216.106.158.180
1,216.106.158.180
1,216.106.158.180
1,216.106.158.180
1,216.106.158.180
1,216.106.158.180
1,216.106.158.180
1,216.106.158.180
1,216.106.158.180
1,216.106.158.180
1,216.106.158.180
1,216.106.158.180
1,216.106.158.180
1,216.106.158.180
1,216.106.158.180
1,216.106.158.180
1,216.106.158.180
1,216.106.158.180
1,216.106.158.180
1,216.106.158.180
1,216.106.158.180
1,216.106.158.180
1,216.106.158.180
1,216.106.158.180
1,216.106.158.180
1,216.106.158.180
1,216.106.158.180
1,216.106.158.180
1,216.106.158.180
1,216.106.158.180
1,216.106.158.180
1,216.106.158.180
1,216.106.158.180
1,216.106.158.180
1,216.106.158.180
1,216.106.158.180
1,216.106.158.180
1,216.106.158.180
1,216.106.158.180
1,216.106.158.180
1,216.106.158.180
1,216.106.158.180
1,216.106.158.180
1,216.106.158.180
1,216.106.158.180
1,216.106.158.180
1,216.106.158.180
1,216.106.158.180
1,216.106.158.180
1,216.106.158.180
1,216.106.158.180
1,216.106.158.180
1,216.106.158.180
1,216.106.158.180
1,216.106.158.180
1,216.106.158.180
1,216.106.158.180
1,216.106.158.180
0,NONE
1,216.106.158.180
1,216.106.158.180
1,216.106.158.180
1,216.106.158.180
1,216.106.158.180
1,216.106.158.180
1,216.106.158.180
1,216.106.158.180
1,216.106.158.180
1,216.106.158.180
1,216.106.158.180
1,216.106.158.180
0,NONE
1,216.106.158.180
1,216.106.158.180
1,216.106.158.180
0,NONE
1,216.106.158.180
1,216.106.158.180
1,216.106.158.180
1,216.106.158.180
1,216.106.158.180
1,216.106.158.180
1,216.106.158.180
1,216.106.158.180
0,NONE
1,216.106.158.180
0,NONE
1,216.106.158.180
1,216.106.158.180
1,216.106.158.180
1,216.106.158.180
1,216.106.158.180
0,NONE
1,216.106.158.180
0,NONE
1,216.106.158.180
1,216.106.158.180
1,216.106.158.180
1,216.106.158.180
1,216.106.158.180
1,216.106.158.180
0,NONE
1,216.106.158.180
1,216.106.158.180
1,216.106.158.180
1,216.106.158.180
0,NONE
1,216.106.158.180
0,NONE
1,216.106.158.180
1,216.106.158.180
0,NONE
1,216.106.158.180
0,NONE
1,216.106.158.180
0,NONE
0,NONE
0,NONE
0,NONE
1,216.106.158.180
1,216.106.158.180
1,216.106.158.180
0,NONE
1,216.106.158.180
0,NONE
0,NONE
0,NONE
0,NONE
1,216.106.158.180
0,NONE
1,216.106.158.180
0,NONE
1,216.106.158.180
0,NONE
0,NONE
1,216.106.158.180
0,NONE
1,216.106.158.180
1,216.106.158.180
0,NONE
0,NONE
0,NONE
0,NONE
0,NONE
0,NONE
0,NONE
0,NONE
0,NONE
0,NONE
0,NONE
0,NONE
0,NONE
0,NONE
0,NONE
0,NONE
0,NONE
0,NONE
0,NONE
0,NONE
0,NONE
0,NONE
0,NONE
0,NONE
0,NONE
0,NONE
0,NONE
0,NONE
0,NONE
0,NONE
0,NONE
0,NONE
0,NONE
0,NONE
0,NONE
0,NONE
0,NONE
0,NONE
0,NONE
1,32.138.51.32
1,32.138.51.32
1,32.138.51.32
1,32.138.51.32
1,32.138.51.32
1,32.138.51.32
1,32.138.51.32
1,32.138.51.32
1,32.138.51.32
1,32.138.51.32
1,32.138.51.32
1,32.138.51.32
1,32.138.51.32
1,32.138.51.32
1,32.138.51.32
1,32.138.51.32
1,32.138.51.32
1,32.138.51.32
1,32.138.51.32
1,32.138.51.32
0,NONE
1,32.138.51.32
0,NONE
1,32.138.51.32
0,NONE
1,32.138.51.32
1,32.138.51.32
1,32.138.51.32
1,32.138.51.32
1,32.138.51.32
0,NONE
1,32.138.51.32
0,NONE
1,32.138.51.32
0,NONE
1,32.138.51.32
0,NONE
1,32.138.51.32
0,NONE
1,32.138.51.32
0,NONE
1,32.138.51.32
1,32.138.51.32
1,32.138.51.32
0,NONE
1,32.138.51.32
0,NONE
1,32.138.51.32
0,NONE
1,32.138.51.32
0,NONE
1,32.138.51.32
0,NONE
1,32.138.51.32
0,NONE
1,32.138.51.32
0,NONE
1,32.138.51.32
0,NONE
1,32.138.51.32
0,NONE
1,32.138.51.32
1,32.138.51.32
1,32.138.51.32
0,NONE
1,32.138.51.32
0,NONE
1,32.138.51.32
0,NONE
1,32.138.51.32
0,NONE
1,32.138.51.32
0,NONE
1,32.138.51.32
0,NONE
1,32.138.51.32
0,NONE
1,32.138.51.32
0,NONE
1,32.138.51.32
0,NONE
1,32.138.51.32
0,NONE
1,32.138.51.32
0,NONE
1,32.138.51.32
1,32.138.51.32
1,32.138.51.32
0,NONE
1,32.138.51.32
0,NONE
1,32.138.51.32
0,NONE
1,32.138.51.32
0,NONE
1,32.138.51.32
0,NONE
1,32.138.51.32
0,NONE
1,32.138.51.32
0,NONE
1,32.138.51.32
0,NONE
1,32.138.51.32
0,NONE
1,32.138.51.32
1,32.138.51.32
1,32.138.51.32
0,NONE
1,32.138.51.32
0,NONE
1,32.138.51.32
0,NONE
0,NONE
0,NONE
0,NONE
0,NONE
0,NONE
0,NONE
0,NONE
0,NONE
1,32.138.51.32
0,NONE
1,32.138.51.32
1,32.138.51.32
0,NONE
1,32.138.51.32
1,32.138.51.32
1,32.138.51.32
1,32.138.51.32
1,32.138.51.32
1,32.138.51.32
1,32.138.51.32
1,32.138.51.32
1,32.138.51.32
1,32.138.51.32
1,32.138.51.32
1,32.138.51.32
1,32.138.51.32
1,32.138.51.32
1,32.138.51.32
1,32.138.51.32
1,32.138.51.32
1,32.138.51.32
1,32.138.51.32
1,32.138.51.32
1,32.138.51.32
1,32.138.51.32
1,32.138.51.32
1,32.138.51.32
1,32.138.51.32
1,32.138.51.32
1,32.138.51.32
1,32.138.51.32
1,32.138.51.32
1,32.138.51.32
1,32.138.51.32
1,32.138.51.32
1,32.138.51.32
1,32.138.51.32
1,32.138.51.32
1,32.138.51.32
1,32.138.51.32
1,32.138.51.32
1,32.138.51.32
1,32.138.51.32
1,32.138.51.32
1,32.138.51.32
1,32.138.51.32
1,32.138.51.32
1,32.138.51.32
1,32.138.51.32
1,32.138.51.32
1,32.138.51.32
1,32.138.51.32
1,32.138.51.32
1,32.138.51.32
1,32.138.51.32
1,32.138.51.32
1,32.138.51.32
1,32.138.51.32
1,32.138.51.32
1,32.138.51.32
1,32.138.51.32
1,32.138.51.32
1,32.138.51.32
1,32.138.51.32
1,32.138.51.32
1,32.138.51.32
1,32.138.51.32
1,32.138.51.32
1,32.138.51.32
1,32.138.51.32
1,32.138.51.32
1,32.138.51.32
1,32.138.51.32
1,32.138.51.32
1,32.138.51.32
1,32.138.51.32
1,32.138.51.32
1,32.138.51.32
1,32.138.51.32
1,32.138.51.32
1,32.138.51.32
1,32.138.51.32
1,32.138.51.32
1,32.138.51.32
1,32.138.51.32
1,32.138.51.32
1,32.138.51.32
1,32.138.51.32
1,32.138.51.32
1,32.138.51.32
1,32.138.51.32
1,32.138.51.32
1,32.138.51.32
1,32.138.51.32
1,32.138.51.32
1,32.138.51.32
1,32.138.51.32
1,32.138.51.32
1,32.138.51.32
1,32.138.51.32
1,32.138.51.32
1,32.138.51.32
1,32.138.51.32
1,32.138.51.32
1,32.138.51.32
1,32.138.51.32
1,32.138.51.32
1,32.138.51.32
1,32.138.51.32
1,32.138.51.32
1,32.138.51.32
1,32.138.51.32
1,32.138.51.32
1,32.138.51.32
1,32.138.51.32
1,32.138.51.32
1,32.138.51.32
1,32.138.51.32
1,32.138.51.32
1,32.138.51.32
1,32.138.51.32
1,32.138.51.32
1,32.138.51.32
1,32.138.51.32
1,32.138.51.32
1,32.138.51.32
1,32.138.51.32
1,32.138.51.32
1,32.138.51.32
1,32.138.51.32
1,32.138.51.32
1,32.138.51.32
1,32.138.51.32
1,32.138.51.32
1,32.138.51.32
1,32.138.51.32
1,32.138.51.32
1,32.138.51.32
1,32.138.51.32
1,32.138.51.32
1,32.138.51.32
1,32.138.51.32
1,32.138.51.32
1,32.138.51.32
1,32.138.51.32
1,32.138.51.32
1,32.138.51.32
1,32.138.51.32
1,32.138.51.32
1,32.138.51.32
1,32.138.51.32
1,32.138.51.32
1,32.138.51.32
1,32.138.51.32
1,32.138.51.32
1,32.138.51.32
1,32.138.51.32
1,32.138.51.32
1,32.138.51.32
1,32.138.51.32
1,32.138.51.32
1,32.138.51.32
1,32.138.51.32
1,32.138.51.32
1,32.138.51.32
1,32.138.51.32
1,32.138.51.32
1,32.138.51.32
1,32.138.51.32
1,32.138.51.32
1,32.138.51.32
1,32.138.51.32
1,32.138.51.32
1,32.138.51.32
1,32.138.51.32
1,32.138.51.32
1,32.138.51.32
1,32.138.51.32
1,32.138.51.32
1,32.138.51.32
1,32.138.51.32
1,32.138.51.32
1,32.138.51.32
1,32.138.51.32
1,32.138.51.32
1,32.138.51.32
1,32.138.51.32
1,32.138.51.32
1,32.138.51.32
1,32.138.51.32
1,32.138.51.32
1,32.138.51.32
1,32.138.51.32
1,32.138.51.32
1,32.138.51.32
1,32.138.51.32
1,32.138.51.32
1,32.138.51.32
1,32.138.51.32
1,32.138.51.32
1,32.138.51.32
1,32.138.51.32
1,32.138.51.32
1,32.138.51.32
1,32.138.51.32
1,32.138.51.32
1,32.138.51.32
1,32.138.51.32
1,32.138.51.32
1,32.138.51.32
1,32.138.51.32
1,32.138.51.32
1,32.138.51.32
1,32.138.51.32
1,32.138.51.32
1,32.138.51.32
1,32.138.51.32
1,32.138.51.32
1,32.138.51.32
1,32.138.51.32
1,32.138.51.32
1,32.138.51.32
1,32.138.51.32
1,32.138.51.32
1,32.138.51.32
1,32.138.51.32
1,32.138.51.32
1,32.138.51.32
1,32.138.51.32
1,32.138.51.32
1,32.138.51.32
1,32.138.51.32
1,32.138.51.32
1,32.138.51.32
1,32.138.51.32
1,32.138.51.32
1,32.138.51.32
1,32.138.51.32
1,32.138.51.32
1,32.138.51.32
1,32.138.51.32
1,32.138.51.32
1,32.138.51.32
1,32.138.51.32
1,32.138.51.32
1,32.138.51.32
1,32.138.51.32
1,32.138.51.32
1,32.138.51.32
1,32.138.51.32
1,32.138.51.32
1,32.138.51.32
1,32.138.51.32
1,32.138.51.32
1,32.138.51.32
1,32.138.51.32
1,32.138.51.32
1,32.138.51.32
1,32.138.51.32
1,32.138.51.32
1,32.138.51.32
1,32.138.51.32
1,32.138.51.32
1,32.138.51.32
1,32.138.51.32
1,32.138.51.32
1,32.138.51.32
1,32.138.51.32
1,32.138.51.32
1,32.138.51.32
1,32.138.51.32
1,32.138.51.32
1,32.138.51.32
1,32.138.51.32
1,32.138.51.32
1,32.138.51.32
1,32.138.51.32
1,32.138.51.32
1,32.138.51.32
1,32.138.51.32
1,32.138.51.32
1,32.138.51.32
1,32.138.51.32
1,32.138.51.32
1,32.138.51.32
1,32.138.51.32
1,32.138.51.32
1,32.138.51.32
1,32.138.51.32
1,32.138.51.32
1,32.138.51.32
1,32.138.51.32
1,32.138.51.32
1,32.138.51.32
1,32.138.51.32
1,32.138.51.32
1,32.138.51.32
1,32.138.51.32
1,32.138.51.32
1,32.138.51.32
1,32.138.51.32
1,32.138.51.32
1,32.138.51.32
1,32.138.51.32
1,32.138.51.32
1,32.138.51.32
1,32.138.51.32
1,32.138.51.32
1,32.138.51.32
1,32.138.51.32
1,32.138.51.32
1,32.138.51.32
1,32.138.51.32
1,32.138.51.32
1,32.138.51.32
1,32.138.51.32
1,32.138.51.32
1,32.138.51.32
1,32.138.51.32
1,32.138.51.32
1,32.138.51.32
1,32.138.51.32
1,32.138.51.32
1,32.138.51.32
1,32.138.51.32
1,32.138.51.32
1,32.138.51.32
1,32.138.51.32
1,32.138.51.32
1,32.138.51.32
1,32.138.51.32
1,32.138.51.32
1,32.138.51.32
1,32.138.51.32
1,32.138.51.32
1,32.138.51.32
1,32.138.51.32
1,32.138.51.32
1,32.138.51.32
1,32.138.51.32
1,32.138.51.32
1,32.138.51.32
1,32.138.51.32
1,32.138.51.32
1,32.138.51.32
1,32.138.51.32
1,32.138.51.32
1,32.138.51.32
1,32.138.51.32
1,32.138.51.32
1,32.138.51.32
1,32.138.51.32
1,32.138.51.32
1,32.138.51.32
1,32.138.51.32
1,32.138.51.32
1,32.138.51.32
1,32.138.51.32
1,32.138.51.32
1,32.138.51.32
1,32.138.51.32
1,32.138.51.32
1,32.138.51.32
1,32.138.51.32
1,32.138.51.32
1,32.138.51.32
1,32.138.51.32
1,32.138.51.32
1,32.138.51.32
1,32.138.51.32
1,32.138.51.32
1,32.138.51.32
1,32.138.51.32
1,32.138.51.32
1,32.138.51.32
1,32.138.51.32
1,32.138.51.32
1,32.138.51.32
1,32.138.51.32
1,32.138.51.32
1,32.138.51.32
1,32.138.51.32
1,32.138.51.32
1,32.138.51.32
1,32.138.51.32
1,32.138.51.32
1,32.138.51.32
1,32.138.51.32
1,32.138.51.32
1,32.138.51.32
1,32.138.51.32
1,32.138.51.32
1,32.138.51.32
1,32.138.51.32
1,32.138.51.32
1,32.138.51.32
1,32.138.51.32
1,32.138.51.32
1,32.138.51.32
1,32.138.51.32
1,32.138.51.32
1,32.138.51.32
1,32.138.51.32
1,32.138.51.32
1,32.138.51.32
1,32.138.51.32
1,32.138.51.32
1,32.138.51.32
1,32.138.51.32
1,32.138.51.32
1,32.138.51.32
1,32.138.51.32
1,32.138.51.32
1,32.138.51.32
1,32.138.51.32
1,32.138.51.32
1,32.138.51.32
1,32.138.51.32
1,32.138.51.32
1,32.138.51.32
1,32.138.51.32
1,32.138.51.32
1,32.138.51.32
1,32.138.51.32
1,32.138.51.32
1,32.138.51.32
1,32.138.51.32
1,32.138.51.32
1,32.138.51.32
1,32.138.51.32
1,32.138.51.32
1,32.138.51.32
1,32.138.51.32
1,32.138.51.32
1,32.138.51.32
1,32.138.51.32
1,32.138.51.32
1,32.138.51.32
1,32.138.51.32
1,32.138.51.32
1,32.138.51.32
1,32.138.51.32
1,32.138.51.32
1,32.138.51.32
1,32.138.51.32
1,32.138.51.32
1,32.138.51.32
1,32.138.51.32
1,32.138.51.32
1,32.138.51.32
1,32.138.51.32
1,32.138.51.32
1,32.138.51.32
1,32.138.51.32
1,32.138.51.32
1,32.138.51.32
1,32.138.51.32
1,32.138.51.32
1,32.138.51.32
1,32.138.51.32
1,32.138.51.32
1,32.138.51.32
1,32.138.51.32
1,32.138.51.32
1,32.138.51.32
1,32.138.51.32
1,32.138.51.32
1,32.138.51.32
1,32.138.51.32
1,32.138.51.32
1,32.138.51.32
1,32.138.51.32
1,32.138.51.32
1,32.138.51.32
1,32.138.51.32
1,32.138.51.32
1,32.138.51.32
1,32.138.51.32
1,32.138.51.32
1,32.138.51.32
1,32.138.51.32
1,32.138.51.32
1,32.138.51.32
1,32.138.51.32
1,32.138.51.32
1,32.138.51.32
1,32.138.51.32
1,32.138.51.32
1,32.138.51.32
1,32.138.51.32
1,32.138.51.32
1,32.138.51.32
1,32.138.51.32
1,32.138.51.32
1,32.138.51.32
1,32.138.51.32
1,32.138.51.32
1,32.138.51.32
1,32.138.51.32
1,32.138.51.32
1,32.138.51.32
1,32.138.51.32
1,32.138.51.32
1,32.138.51.32
1,32.138.51.32
1,32.138.51.32
1,32.138.51.32
1,32.138.51.32
1,32.138.51.32
1,32.138.51.32
1,32.138.51.32
1,32.138.51.32
1,32.138.51.32
1,32.138.51.32
1,32.138.51.32
1,32.138.51.32
1,32.138.51.32
1,32.138.51.32
1,32.138.51.32
1,32.138.51.32
1,32.138.51.32
1,32.138.51.32
1,32.138.51.32
1,32.138.51.32
1,32.138.51.32
1,32.138.51.32
1,32.138.51.32
1,32.138.51.32
1,32.138.51.32
1,32.138.51.32
1,32.138.51.32
1,32.138.51.32
1,32.138.51.32
1,32.138.51.32
1,32.138.51.32
1,32.138.51.32
1,32.138.51.32
1,32.138.51.32
1,32.138.51.32
1,32.138.51.32
1,32.138.51.32
1,32.138.51.32
1,32.138.51.32
1,32.138.51.32
1,32.138.51.32
1,32.138.51.32
1,32.138.51.32
1,32.138.51.32
1,32.138.51.32
1,32.138.51.32
1,32.138.51.32
1,32.138.51.32
1,32.138.51.32
1,32.138.51.32
1,32.138.51.32
1,32.138.51.32
1,32.138.51.32
1,32.138.51.32
1,32.138.51.32
1,32.138.51.32
1,32.138.51.32
1,32.138.51.32
1,32.138.51.32
1,32.138.51.32
1,32.138.51.32
1,32.138.51.32
1,32.138.51.32
1,32.138.51.32
1,32.138.51.32
1,32.138.51.32
1,32.138.51.32
1,32.138.51.32
1,32.138.51.32
1,32.138.51.32
1,32.138.51.32
1,32.138.51.32
1,32.138.51.32
1,32.138.51.32
1,32.138.51.32
1,32.138.51.32
1,32.138.51.32
1,32.138.51.32
1,32.138.51.32
1,32.138.51.32
1,32.138.51.32
1,32.138.51.32
1,32.138.51.32
1,32.138.51.32
1,32.138.51.32
1,32.138.51.32
1,32.138.51.32
1,32.138.51.32
1,32.138.51.32
1,32.138.51.32
1,32.138.51.32
1,32.138.51.32
1,32.138.51.32
1,32.138.51.32
1,32.138.51.32
1,32.138.51.32
1,32.138.51.32
1,32.138.51.32
1,32.138.51.32
1,32.138.51.32
1,32.138.51.32
1,32.138.51.32
1,32.138.51.32
1,32.138.51.32
1,32.138.51.32
1,32.138.51.32
1,32.138.51.32
1,32.138.51.32
1,32.138.51.32
1,32.138.51.32
1,32.138.51.32
1,32.138.51.32
1,32.138.51.32
1,32.138.51.32
1,32.138.51.32
1,32.138.51.32
1,32.138.51.32
1,32.138.51.32
1,32.138.51.32
1,32.138.51.32
1,32.138.51.32
1,32.138.51.32
1,32.138.51.32
1,32.138.51.32
1,32.138.51.32
1,32.138.51.32
1,32.138.51.32
1,32.138.51.32
1,32.138.51.32
1,32.138.51.32
1,32.138.51.32
1,32.138.51.32
1,32.138.51.32
1,32.138.51.32
1,32.138.51.32
1,32.138.51.32
1,32.138.51.32
1,32.138.51.32
1,32.138.51.32
1,32.138.51.32
1,32.138.51.32
1,32.138.51.32
1,32.138.51.32
1,32.138.51.32
1,32.138.51.32
1,32.138.51.32
1,32.138.51.32
1,32.138.51.32
1,32.138.51.32
1,32.138.51.32
1,32.138.51.32
1,32.138.51.32
1,32.138.51.32
1,32.138.51.32
1,32.138.51.32
1,32.138.51.32
1,32.138.51.32
1,32.138.51.32
1,32.138.51.32
1,32.138.51.32
1,32.138.51.32
1,32.138.51.32
1,32.138.51.32
1,32.138.51.32
1,32.138.51.32
1,32.138.51.32
1,32.138.51.32
1,32.138.51.32
1,32.138.51.32
1,32.138.51.32
1,32.138.51.32
1,32.138.51.32
1,32.138.51.32
1,32.138.51.32
1,32.138.51.32
1,32.138.51.32
1,32.138.51.32
1,32.138.51.32
1,32.138.51.32
1,32.138.51.32
1,32.138.51.32
1,32.138.51.32
1,32.138.51.32
1,32.138.51.32
1,32.138.51.32
1,32.138.51.32
1,32.138.51.32
1,32.138.51.32
1,32.138.51.32
1,32.138.51.32
1,32.138.51.32
1,32.138.51.32
1,32.138.51.32
1,32.138.51.32
1,32.138.51.32
1,32.138.51.32
1,32.138.51.32
1,32.138.51.32
1,32.138.51.32
1,32.138.51.32
1,32.138.51.32
1,32.138.51.32
1,32.138.51.32
1,32.138.51.32
1,32.138.51.32
1,32.138.51.32
1,32.138.51.32
1,32.138.51.32
1,32.138.51.32
1,32.138.51.32
1,32.138.51.32
1,32.138.51.32
1,32.138.51.32
1,32.138.51.32
1,32.138.51.32
1,32.138.51.32
1,32.138.51.32
1,32.138.51.32
1,32.138.51.32
1,32.138.51.32
1,32.138.51.32
1,32.138.51.32
1,32.138.51.32
1,32.138.51.32
1,32.138.51.32
1,32.138.51.32
1,32.138.51.32
1,32.138.51.32
1,32.138.51.32
1,32.138.51.32
1,32.138.51.32
1,32.138.51.32
1,32.138.51.32
1,32.138.51.32
1,32.138.51.32
1,32.138.51.32
1,32.138.51.32
1,32.138.51.32
1,32.138.51.32
1,32.138.51.32
1,32.138.51.32
1,32.138.51.32
1,32.138.51.32
1,32.138.51.32
1,32.138.51.32
1,32.138.51.32
1,32.138.51.32
1,32.138.51.32
1,32.138.51.32
1,32.138.51.32
1,32.138.51.32
1,32.138.51.32
1,32.138.51.32
1,32.138.51.32
1,32.138.51.32
1,32.138.51.32
1,32.138.51.32
1,32.138.51.32
1,32.138.51.32
1,32.138.51.32
1,32.138.51.32
1,32.138.51.32
1,32.138.51.32
1,32.138.51.32
1,32.138.51.32
1,32.138.51.32
1,32.138.51.32
1,32.138.51.32
1,32.138.51.32
1,32.138.51.32
1,32.138.51.32
1,32.138.51.32
1,32.138.51.32
1,32.138.51.32
1,32.138.51.32
1,32.138.51.32
1,32.138.51.32
1,32.138.51.32
1,32.138.51.32
1,32.138.51.32
1,32.138.51.32
1,32.138.51.32
1,32.138.51.32
1,32.138.51.32
1,32.138.51.32
1,32.138.51.32
1,32.138.51.32
1,32.138.51.32
1,32.138.51.32
1,32.138.51.32
1,32.138.51.32
1,32.138.51.32
1,32.138.51.32
1,32.138.51.32
1,32.138.51.32
1,32.138.51.32
1,32.138.51.32
1,32.138.51.32
1,32.138.51.32
1,32.138.51.32
1,32.138.51.32
1,32.138.51.32
1,32.138.51.32
1,32.138.51.32
1,32.138.51.32
1,32.138.51.32
1,32.138.51.32
1,32.138.51.32
1,32.138.51.32
1,32.138.51.32
1,32.138.51.32
1,32.138.51.32
1,32.138.51.32
1,32.138.51.32
1,32.138.51.32
1,32.138.51.32
1,32.138.51.32
1,32.138.51.32
1,32.138.51.32
1,32.138.51.32
1,32.138.51.32
1,32.138.51.32
1,32.138.51.32
1,32.138.51.32
1,32.138.51.32
1,32.138.51.32
1,32.138.51.32
1,32.138.51.32
1,32.138.51.32
1,32.138.51.32
1,32.138.51.32
1,32.138.51.32
1,32.138.51.32
1,32.138.51.32
1,32.138.51.32
1,32.138.51.32
1,32.138.51.32
1,32.138.51.32
1,32.138.51.32
1,32.138.51.32
1,32.138.51.32
1,32.138.51.32
1,32.138.51.32
1,32.138.51.32
1,32.138.51.32
1,32.138.51.32
1,32.138.51.32
1,32.138.51.32
1,32.138.51.32
1,32.138.51.32
1,32.138.51.32
1,32.138.51.32
1,32.138.51.32
1,32.138.51.32
1,32.138.51.32
1,32.138.51.32
1,32.138.51.32
1,32.138.51.32
1,32.138.51.32
1,32.138.51.32
1,32.138.51.32
1,32.138.51.32
1,32.138.51.32
1,32.138.51.32
1,32.138.51.32
1,32.138.51.32
1,32.138.51.32
1,32.138.51.32
1,32.138.51.32
1,32.138.51.32
1,32.138.51.32
1,32.138.51.32
1,32.138.51.32
1,32.138.51.32
1,32.138.51.32
1,32.138.51.32
1,32.138.51.32
1,32.138.51.32
1,32.138.51.32
1,32.138.51.32
1,32.138.51.32
1,32.138.51.32
1,32.138.51.32
1,32.138.51.32
1,32.138.51.32
1,32.138.51.32
1,32.138.51.32
1,32.138.51.32
1,32.138.51.32
1,32.138.51.32
1,32.138.51.32
1,32.138.51.32
1,32.138.51.32
1,32.138.51.32
1,32.138.51.32
1,32.138.51.32
1,32.138.51.32
1,32.138.51.32
1,32.138.51.32
1,32.138.51.32
1,32.138.51.32
1,32.138.51.32
1,32.138.51.32
1,32.138.51.32
1,32.138.51.32
1,32.138.51.32
1,32.138.51.32
1,32.138.51.32
1,32.138.51.32
1,32.138.51.32
1,32.138.51.32
1,32.138.51.32
1,32.138.51.32
1,32.138.51.32
1,32.138.51.32
1,32.138.51.32
1,32.138.51.32
1,32.138.51.32
1,32.138.51.32
1,32.138.51.32
1,32.138.51.32
1,32.138.51.32
1,32.138.51.32
1,32.138.51.32
1,32.138.51.32
1,32.138.51.32
1,32.138.51.32
1,32.138.51.32
1,32.138.51.32
1,32.138.51.32
1,32.138.51.32
1,32.138.51.32
1,32.138.51.32
1,32.138.51.32
1,32.138.51.32
1,32.138.51.32
1,32.138.51.32
1,32.138.51.32
1,32.138.51.32
1,32.138.51.32
1,32.138.51.32
1,32.138.51.32
1,32.138.51.32
1,32.138.51.32
1,32.138.51.32
1,32.138.51.32
1,32.138.51.32
1,32.138.51.32
1,32.138.51.32
1,32.138.51.32
1,32.138.51.32
1,32.138.51.32
1,32.138.51.32
1,32.138.51.32
1,32.138.51.32
1,32.138.51.32
1,32.138.51.32
1,32.138.51.32
1,32.138.51.32
1,32.138.51.32
1,32.138.51.32
1,32.138.51.32
1,32.138.51.32
1,32.138.51.32
1,32.138.51.32
1,32.138.51.32
1,32.138.51.32
1,32.138.51.32
1,32.138.51.32
1,32.138.51.32
1,32.138.51.32
1,32.138.51.32
1,32.138.51.32
1,32.138.51.32
1,32.138.51.32
1,32.138.51.32
1,32.138.51.32
1,32.138.51.32
1,32.138.51.32
1,32.138.51.32
1,32.138.51.32
1,32.138.51.32
1,32.138.51.32
1,32.138.51.32
1,32.138.51.32
1,32.138.51.32
1,32.138.51.32
1,32.138.51.32
1,32.138.51.32
1,32.138.51.32
1,32.138.51.32
1,32.138.51.32
1,32.138.51.32
1,32.138.51.32
1,32.138.51.32
1,32.138.51.32
1,32.138.51.32
1,32.138.51.32
1,32.138.51.32
1,32.138.51.32
1,32.138.51.32
1,32.138.51.32
1,32.138.51.32
1,32.138.51.32
1,32.138.51.32
1,32.138.51.32
1,32.138.51.32
1,32.138.51.32
1,32.138.51.32
1,32.138.51.32
1,32.138.51.32
1,32.138.51.32
1,32.138.51.32
1,32.138.51.32
1,32.138.51.32
1,32.138.51.32
1,32.138.51.32
1,32.138.51.32
1,32.138.51.32
1,32.138.51.32
1,32.138.51.32
1,32.138.51.32
1,32.138.51.32
1,32.138.51.32
1,32.138.51.32
1,32.138.51.32
1,32.138.51.32
1,32.138.51.32
1,32.138.51.32
1,32.138.51.32
1,32.138.51.32
1,32.138.51.32
1,32.138.51.32
1,32.138.51.32
1,32.138.51.32
1,32.138.51.32
1,32.138.51.32
1,32.138.51.32
1,32.138.51.32
1,32.138.51.32
1,32.138.51.32
1,32.138.51.32
1,32.138.51.32
1,32.138.51.32
1,32.138.51.32
1,32.138.51.32
1,32.138.51.32
1,32.138.51.32
1,32.138.51.32
1,32.138.51.32
1,32.138.51.32
1,32.138.51.32
1,32.138.51.32
1,32.138.51.32
1,32.138.51.32
1,32.138.51.32
1,32.138.51.32
1,32.138.51.32
1,32.138.51.32
1,32.138.51.32
1,32.138.51.32
1,32.138.51.32
1,32.138.51.32
1,32.138.51.32
1,32.138.51.32
1,32.138.51.32
1,32.138.51.32
1,32.138.51.32
1,32.138.51.32
1,32.138.51.32
1,32.138.51.32
1,32.138.51.32
1,32.138.51.32
1,32.138.51.32
1,32.138.51.32
1,32.138.51.32
1,32.138.51.32
1,32.138.51.32
1,32.138.51.32
1,32.138.51.32
1,32.138.51.32
1,32.138.51.32
1,32.138.51.32
1,32.138.51.32
1,32.138.51.32
1,32.138.51.32
1,32.138.51.32
1,32.138.51.32
1,32.138.51.32
1,32.138.51.32
1,32.138.51.32
1,32.138.51.32
1,32.138.51.32
1,32.138.51.32
1,32.138.51.32
1,32.138.51.32
1,32.138.51.32
1,32.138.51.32
1,32.138.51.32
1,32.138.51.32
1,32.138.51.32
1,32.138.51.32
1,32.138.51.32
1,32.138.51.32
1,32.138.51.32
1,32.138.51.32
1,32.138.51.32
1,32.138.51.32
1,32.138.51.32
1,32.138.51.32
1,32.138.51.32
1,32.138.51.32
1,32.138.51.32
1,32.138.51.32
1,32.138.51.32
1,32.138.51.32
1,32.138.51.32
1,32.138.51.32
1,32.138.51.32
1,32.138.51.32
1,32.138.51.32
1,32.138.51.32
1,32.138.51.32
1,32.138.51.32
1,32.138.51.32
1,32.138.51.32
1,32.138.51.32
1,32.138.51.32
1,32.138.51.32
1,32.138.51.32
1,32.138.51.32
1,32.138.51.32
1,32.138.51.32
1,32.138.51.32
1,32.138.51.32
1,32.138.51.32
1,32.138.51.32
1,32.138.51.32
1,32.138.51.32
1,32.138.51.32
1,32.138.51.32
1,32.138.51.32
1,32.138.51.32
1,32.138.51.32
1,32.138.51.32
1,32.138.51.32
1,32.138.51.32
1,32.138.51.32
1,32.138.51.32
1,32.138.51.32
1,32.138.51.32
1,32.138.51.32
1,32.138.51.32
1,32.138.51.32
1,32.138.51.32
1,32.138.51.32
1,32.138.51.32
1,32.138.51.32
1,32.138.51.32
1,32.138.51.32
1,32.138.51.32
1,32.138.51.32
1,32.138.51.32
1,32.138.51.32
1,32.138.51.32
1,32.138.51.32
1,32.138.51.32
1,32.138.51.32
1,32.138.51.32
1,32.138.51.32
1,32.138.51.32
1,32.138.51.32
1,32.138.51.32
1,32.138.51.32
1,32.138.51.32
1,32.138.51.32
1,32.138.51.32
1,32.138.51.32
1,32.138.51.32
1,32.138.51.32
1,32.138.51.32
1,32.138.51.32
1,32.138.51.32
1,32.138.51.32
1,32.138.51.32
1,32.138.51.32
1,32.138.51.32
1,32.138.51.32
1,32.138.51.32
1,32.138.51.32
1,32.138.51.32
1,32.138.51.32
1,32.138.51.32
1,32.138.51.32
1,32.138.51.32
1,32.138.51.32
1,32.138.51.32
1,32.138.51.32
1,32.138.51.32
1,32.138.51.32
1,32.138.51.32
1,32.138.51.32
1,32.138.51.32
1,32.138.51.32
1,32.138.51.32
1,32.138.51.32
1,32.138.51.32
1,32.138.51.32
1,32.138.51.32
1,32.138.51.32
1,32.138.51.32
1,32.138.51.32
1,32.138.51.32
1,32.138.51.32
1,32.138.51.32
1,32.138.51.32
1,32.138.51.32
1,32.138.51.32
1,32.138.51.32
1,32.138.51.32
1,32.138.51.32
1,32.138.51.32
1,32.138.51.32
1,32.138.51.32
1,32.138.51.32
1,32.138.51.32
1,32.138.51.32
1,32.138.51.32
1,32.138.51.32
1,32.138.51.32
1,32.138.51.32
1,32.138.51.32
1,32.138.51.32
1,32.138.51.32
1,32.138.51.32
1,32.138.51.32
1,32.138.51.32
1,32.138.51.32
1,32.138.51.32
1,32.138.51.32
1,32.138.51.32
1,32.138.51.32
1,32.138.51.32
1,32.138.51.32
1,32.138.51.32
1,32.138.51.32
1,32.138.51.32
1,32.138.51.32
1,32.138.51.32
1,32.138.51.32
1,32.138.51.32
1,32.138.51.32
1,32.138.51.32
1,32.138.51.32
1,32.138.51.32
1,32.138.51.32
1,32.138.51.32
1,32.138.51.32
1,32.138.51.32
1,32.138.51.32
1,32.138.51.32
1,32.138.51.32
1,32.138.51.32
1,32.138.51.32
1,32.138.51.32
1,32.138.51.32
1,32.138.51.32
1,32.138.51.32
1,32.138.51.32
1,32.138.51.32
1,32.138.51.32
1,32.138.51.32
1,32.138.51.32
1,32.138.51.32
1,32.138.51.32
1,32.138.51.32
1,32.138.51.32
1,32.138.51.32
1,32.138.51.32
1,32.138.51.32
1,32.138.51.32
1,32.138.51.32
1,32.138.51.32
1,32.138.51.32
1,32.138.51.32
1,32.138.51.32
1,32.138.51.32
1,32.138.51.32
1,32.138.51.32
1,32.138.51.32
1,32.138.51.32
1,32.138.51.32
1,32.138.51.32
1,32.138.51.32
1,32.138.51.32
1,32.138.51.32
1,32.138.51.32
1,32.138.51.32
1,32.138.51.32
1,32.138.51.32
1,32.138.51.32
1,32.138.51.32
1,32.138.51.32
1,32.138.51.32
1,32.138.51.32
1,32.138.51.32
1,32.138.51.32
1,32.138.51.32
1,32.138.51.32
1,32.138.51.32
1,32.138.51.32
1,32.138.51.32
1,32.138.51.32
1,32.138.51.32
1,32.138.51.32
1,32.138.51.32
1,32.138.51.32
1,32.138.51.32
1,32.138.51.32
1,32.138.51.32
1,32.138.51.32
1,32.138.51.32
1,32.138.51.32
1,32.138.51.32
1,32.138.51.32
1,32.138.51.32
1,32.138.51.32
1,32.138.51.32
1,32.138.51.32
1,32.138.51.32
1,32.138.51.32
1,32.138.51.32
1,32.138.51.32
1,32.138.51.32
1,32.138.51.32
1,32.138.51.32
