1,32.167.32.146
1,32.167.32.146
1,32.167.32.146
1,32.167.32.146
1,32.167.32.146
1,32.167.32.146
1,32.167.32.146
1,32.167.32.146
1,32.167.32.146
1,32.167.32.146
1,32.167.32.146
1,32.167.32.146
1,32.167.32.146
1,32.167.32.146
1,32.167.32.146
1,32.167.32.146
1,32.167.32.146
1,32.167.32.146
1,32.167.32.146
1,32.167.32.146
1,32.167.32.146
1,32.167.32.146
1,32.167.32.146
1,32.167.32.146
1,32.167.32.146
1,32.167.32.146
1,32.167.32.146
1,32.167.32.146
1,32.167.32.146
1,32.167.32.146
1,32.167.32.146
1,32.167.32.146
1,32.167.32.146
1,32.167.32.146
1,32.167.32.146
1,32.167.32.146
1,32.167.32.146
1,32.167.32.146
1,32.167.32.146
1,32.167.32.146
1,32.167.32.146
1,32.167.32.146
1,32.167.32.146
1,32.167.32.146
1,32.167.32.146
1,32.167.32.146
1,32.167.32.146
1,32.167.32.146
1,32.167.32.146
1,32.167.32.146
1,32.167.32.146
1,32.167.32.146
1,32.167.32.146
1,32.167.32.146
1,32.167.32.146
1,32.167.32.146
1,32.167.32.146
1,32.167.32.146
1,32.167.32.146
1,32.167.32.146
1,32.167.32.146
1,32.167.32.146
1,32.167.32.146
1,32.167.32.146
1,32.167.32.146
1,32.167.32.146
1,32.167.32.146
1,32.167.32.146
1,32.167.32.146
1,32.167.32.146
1,32.167.32.146
1,32.167.32.146
1,32.167.32.146
1,32.167.32.146
1,32.167.32.146
1,32.167.32.146
1,32.167.32.146
1,32.167.32.146
1,32.167.32.146
1,32.167.32.146
1,32.167.32.146
1,32.167.32.146
1,32.167.32.146
1,32.167.32.146
1,32.167.32.146
1,32.167.32.146
1,32.167.32.146
1,32.167.32.146
1,32.167.32.146
1,32.167.32.146
1,32.167.32.146
1,32.167.32.146
1,32.167.32.146
1,32.167.32.146
1,32.167.32.146
1,32.167.32.146
1,32.167.32.146
1,32.167.32.146
1,32.167.32.146
1,32.167.32.146
1,32.167.32.146
1,32.167.32.146
1,32.167.32.146
1,32.167.32.146
1,32.167.32.146
1,32.167.32.146
1,32.167.32.146
1,32.167.32.146
1,32.167.32.146
1,32.167.32.146
1,32.167.32.146
1,32.167.32.146
1,32.167.32.146
1,32.167.32.146
1,32.167.32.146
1,32.167.32.146
1,32.167.32.146
1,32.167.32.146
1,32.167.32.146
1,32.167.32.146
1,32.167.32.146
1,32.167.32.146
1,32.167.32.146
1,32.167.32.146
1,32.167.32.146
1,32.167.32.146
1,32.167.32.146
1,32.167.32.146
1,32.167.32.146
1,32.167.32.146
1,32.167.32.146
1,32.167.32.146
1,32.167.32.146
1,32.167.32.146
1,32.167.32.146
1,32.167.32.146
1,32.167.32.146
1,32.167.32.146
1,32.167.32.146
1,32.167.32.146
1,32.167.32.146
1,32.167.32.146
1,32.167.32.146
1,32.167.32.146
1,32.167.32.146
1,32.167.32.146
1,32.167.32.146
1,32.167.32.146
1,32.167.32.146
1,32.167.32.146
1,32.167.32.146
1,32.167.32.146
1,32.167.32.146
1,32.167.32.146
1,32.167.32.146
1,32.167.32.146
1,32.167.32.146
1,32.167.32.146
1,32.167.32.146
1,32.167.32.146
1,32.167.32.146
1,32.167.32.146
1,32.167.32.146
1,32.167.32.146
1,32.167.32.146
1,32.167.32.146
1,32.167.32.146
1,32.167.32.146
1,32.167.32.146
1,32.167.32.146
1,32.167.32.146
1,32.167.32.146
1,32.167.32.146
1,32.167.32.146
1,32.167.32.146
1,32.167.32.146
1,32.167.32.146
1,32.167.32.146
1,32.167.32.146
1,32.167.32.146
1,32.167.32.146
1,32.167.32.146
1,32.167.32.146
1,32.167.32.146
1,32.167.32.146
1,32.167.32.146
1,32.167.32.146
1,32.167.32.146
1,32.167.32.146
1,32.167.32.146
1,32.167.32.146
1,32.167.32.146
1,32.167.32.146
1,32.167.32.146
1,32.167.32.146
1,32.167.32.146
1,32.167.32.146
1,32.167.32.146
1,32.167.32.146
1,32.167.32.146
1,32.167.32.146
1,32.167.32.146
1,32.167.32.146
1,32.167.32.146
1,32.167.32.146
1,32.167.32.146
1,32.167.32.146
1,32.167.32.146
1,32.167.32.146
1,32.167.32.146
1,32.167.32.146
1,32.167.32.146
1,32.167.32.146
1,32.167.32.146
1,32.167.32.146
1,32.167.32.146
1,32.167.32.146
1,32.167.32.146
1,32.167.32.146
1,32.167.32.146
1,32.167.32.146
1,32.167.32.146
1,32.167.32.146
1,32.167.32.146
1,32.167.32.146
1,32.167.32.146
1,32.167.32.146
1,32.167.32.146
1,32.167.32.146
1,32.167.32.146
1,32.167.32.146
1,32.167.32.146
1,32.167.32.146
1,32.167.32.146
1,32.167.32.146
1,32.167.32.146
1,32.167.32.146
1,32.167.32.146
1,32.167.32.146
1,32.167.32.146
1,32.167.32.146
1,32.167.32.146
1,32.167.32.146
1,32.167.32.146
1,32.167.32.146
1,32.167.32.146
1,32.167.32.146
1,32.167.32.146
1,32.167.32.146
1,32.167.32.146
1,32.167.32.146
1,32.167.32.146
1,32.167.32.146
1,32.167.32.146
1,32.167.32.146
1,32.167.32.146
1,32.167.32.146
1,32.167.32.146
1,32.167.32.146
1,32.167.32.146
1,32.167.32.146
1,32.167.32.146
1,32.167.32.146
1,32.167.32.146
1,32.167.32.146
1,32.167.32.146
1,32.167.32.146
1,32.167.32.146
1,32.167.32.146
1,32.167.32.146
1,32.167.32.146
1,32.167.32.146
1,32.167.32.146
1,32.167.32.146
1,32.167.32.146
1,32.167.32.146
1,32.167.32.146
1,32.167.32.146
1,32.167.32.146
1,32.167.32.146
1,32.167.32.146
1,32.167.32.146
1,32.167.32.146
1,32.167.32.146
1,32.167.32.146
1,32.167.32.146
1,32.167.32.146
1,32.167.32.146
1,32.167.32.146
1,32.167.32.146
1,32.167.32.146
1,32.167.32.146
1,32.167.32.146
1,32.167.32.146
1,32.167.32.146
1,32.167.32.146
1,32.167.32.146
1,32.167.32.146
1,32.167.32.146
1,32.167.32.146
1,32.167.32.146
1,32.167.32.146
1,32.167.32.146
1,32.167.32.146
1,32.167.32.146
1,32.167.32.146
1,32.167.32.146
1,32.167.32.146
1,32.167.32.146
1,32.167.32.146
1,32.167.32.146
1,32.167.32.146
1,32.167.32.146
1,32.167.32.146
1,32.167.32.146
1,32.167.32.146
1,32.167.32.146
1,32.167.32.146
1,32.167.32.146
1,32.167.32.146
1,32.167.32.146
1,32.167.32.146
1,32.167.32.146
1,32.167.32.146
1,32.167.32.146
1,32.167.32.146
1,32.167.32.146
1,32.167.32.146
1,32.167.32.146
1,32.167.32.146
1,32.167.32.146
1,32.167.32.146
1,32.167.32.146
1,32.167.32.146
1,32.167.32.146
1,32.167.32.146
1,32.167.32.146
1,32.167.32.146
1,32.167.32.146
1,32.167.32.146
1,32.167.32.146
1,32.167.32.146
1,32.167.32.146
1,32.167.32.146
1,32.167.32.146
1,32.167.32.146
1,32.167.32.146
1,32.167.32.146
1,32.167.32.146
1,32.167.32.146
1,32.167.32.146
1,32.167.32.146
1,32.167.32.146
1,32.167.32.146
1,32.167.32.146
1,32.167.32.146
1,32.167.32.146
1,32.167.32.146
1,32.167.32.146
1,32.167.32.146
1,32.167.32.146
1,32.167.32.146
1,32.167.32.146
1,32.167.32.146
1,32.167.32.146
1,32.167.32.146
1,32.167.32.146
1,32.167.32.146
1,32.167.32.146
1,32.167.32.146
1,32.167.32.146
1,32.167.32.146
1,32.167.32.146
1,32.167.32.146
1,32.167.32.146
1,32.167.32.146
1,32.167.32.146
1,32.167.32.146
1,32.167.32.146
1,32.167.32.146
1,32.167.32.146
1,32.167.32.146
1,32.167.32.146
1,32.167.32.146
1,32.167.32.146
1,32.167.32.146
1,32.167.32.146
1,32.167.32.146
1,32.167.32.146
1,32.167.32.146
1,32.167.32.146
1,32.167.32.146
1,32.167.32.146
1,32.167.32.146
1,32.167.32.146
1,32.167.32.146
1,32.167.32.146
1,32.167.32.146
1,32.167.32.146
1,32.167.32.146
1,32.167.32.146
1,32.167.32.146
1,32.167.32.146
1,32.167.32.146
1,32.167.32.146
1,32.167.32.146
1,32.167.32.146
1,32.167.32.146
1,32.167.32.146
1,32.167.32.146
1,32.167.32.146
1,32.167.32.146
1,32.167.32.146
1,32.167.32.146
1,32.167.32.146
1,32.167.32.146
1,32.167.32.146
1,32.167.32.146
1,32.167.32.146
1,32.167.32.146
1,32.167.32.146
1,32.167.32.146
1,32.167.32.146
1,32.167.32.146
1,32.167.32.146
1,32.167.32.146
1,32.167.32.146
1,32.167.32.146
1,32.167.32.146
1,32.167.32.146
1,32.167.32.146
1,32.167.32.146
1,32.167.32.146
1,32.167.32.146
1,32.167.32.146
1,32.167.32.146
1,32.167.32.146
1,32.167.32.146
1,32.167.32.146
1,32.167.32.146
1,32.167.32.146
1,32.167.32.146
1,32.167.32.146
1,32.167.32.146
1,32.167.32.146
1,32.167.32.146
1,32.167.32.146
1,32.167.32.146
1,32.167.32.146
1,32.167.32.146
1,32.167.32.146
1,32.167.32.146
1,32.167.32.146
1,32.167.32.146
1,32.167.32.146
1,32.167.32.146
1,32.167.32.146
1,32.167.32.146
1,32.167.32.146
1,32.167.32.146
1,32.167.32.146
1,32.167.32.146
1,32.167.32.146
1,32.167.32.146
1,32.167.32.146
1,32.167.32.146
1,32.167.32.146
1,32.167.32.146
1,32.167.32.146
1,32.167.32.146
1,32.167.32.146
1,32.167.32.146
1,32.167.32.146
1,32.167.32.146
1,32.167.32.146
1,32.167.32.146
1,32.167.32.146
1,32.167.32.146
1,32.167.32.146
1,32.167.32.146
1,32.167.32.146
1,32.167.32.146
1,32.167.32.146
1,32.167.32.146
1,32.167.32.146
1,32.167.32.146
1,32.167.32.146
1,32.167.32.146
1,32.167.32.146
1,32.167.32.146
1,32.167.32.146
1,32.167.32.146
1,32.167.32.146
1,32.167.32.146
1,32.167.32.146
1,32.167.32.146
1,32.167.32.146
1,32.167.32.146
1,32.167.32.146
1,32.167.32.146
1,32.167.32.146
1,32.167.32.146
1,32.167.32.146
1,32.167.32.146
1,32.167.32.146
1,32.167.32.146
1,32.167.32.146
1,32.167.32.146
1,32.167.32.146
1,32.167.32.146
1,32.167.32.146
1,32.167.32.146
1,32.167.32.146
1,32.167.32.146
1,32.167.32.146
1,32.167.32.146
1,32.167.32.146
1,32.167.32.146
1,32.167.32.146
1,32.167.32.146
1,32.167.32.146
1,32.167.32.146
1,32.167.32.146
1,32.167.32.146
1,32.167.32.146
1,32.167.32.146
1,32.167.32.146
1,32.167.32.146
1,32.167.32.146
1,32.167.32.146
1,32.167.32.146
1,32.167.32.146
1,32.167.32.146
1,32.167.32.146
1,32.167.32.146
1,32.167.32.146
1,32.167.32.146
1,32.167.32.146
1,32.167.32.146
1,32.167.32.146
1,32.167.32.146
1,32.167.32.146
1,32.167.32.146
1,32.167.32.146
1,32.167.32.146
1,32.167.32.146
1,32.167.32.146
1,32.167.32.146
1,32.167.32.146
1,32.167.32.146
1,32.167.32.146
1,32.167.32.146
1,32.167.32.146
1,32.167.32.146
1,32.167.32.146
1,32.167.32.146
1,32.167.32.146
1,32.167.32.146
1,32.167.32.146
1,32.167.32.146
1,32.167.32.146
1,32.167.32.146
1,32.167.32.146
1,32.167.32.146
1,32.167.32.146
1,32.167.32.146
0,NONE
0,NONE
0,NONE
0,NONE
0,NONE
0,NONE
0,NONE
0,NONE
0,NONE
0,NONE
0,NONE
0,NONE
0,NONE
0,NONE
0,NONE
0,NONE
0,NONE
0,NONE
0,NONE
0,NONE
0,NONE
0,NONE
0,NONE
0,NONE
0,NONE
0,NONE
0,NONE
0,NONE
0,NONE
0,NONE
0,NONE
0,NONE
0,NONE
0,NONE
0,NONE
0,NONE
0,NONE
0,NONE
0,NONE
0,NONE
0,NONE
0,NONE
0,NONE
0,NONE
0,NONE
0,NONE
0,NONE
0,NONE
0,NONE
0,NONE
0,NONE
0,NONE
0,NONE
0,NONE
0,NONE
0,NONE
0,NONE
0,NONE
0,NONE
0,NONE
0,NONE
0,NONE
0,NONE
0,NONE
0,NONE
0,NONE
0,NONE
0,NONE
0,NONE
0,NONE
0,NONE
0,NONE
0,NONE
0,NONE
0,NONE
0,NONE
0,NONE
0,NONE
0,NONE
0,NONE
0,NONE
0,NONE
0,NONE
0,NONE
0,NONE
0,NONE
0,NONE
0,NONE
0,NONE
0,NONE
0,NONE
0,NONE
0,NONE
0,NONE
0,NONE
0,NONE
0,NONE
0,NONE
0,NONE
0,NONE
0,NONE
0,NONE
0,NONE
0,NONE
0,NONE
0,NONE
0,NONE
0,NONE
0,NONE
0,NONE
0,NONE
0,NONE
0,NONE
0,NONE
0,NONE
0,NONE
0,NONE
0,NONE
0,NONE
0,NONE
0,NONE
0,NONE
0,NONE
0,NONE
0,NONE
0,NONE
0,NONE
0,NONE
0,NONE
0,NONE
0,NONE
0,NONE
0,NONE
0,NONE
0,NONE
0,NONE
0,NONE
0,NONE
0,NONE
0,NONE
0,NONE
0,NONE
0,NONE
0,NONE
0,NONE
0,NONE
0,NONE
0,NONE
0,NONE
0,NONE
0,NONE
0,NONE
0,NONE
0,NONE
0,NONE
0,NONE
0,NONE
0,NONE
0,NONE
0,NONE
0,NONE
0,NONE
0,NONE
0,NONE
0,NONE
0,NONE
0,NONE
0,NONE
0,NONE
0,NONE
0,NONE
0,NONE
0,NONE
0,NONE
0,NONE
0,NONE
0,NONE
0,NONE
0,NONE
0,NONE
0,NONE
0,NONE
0,NONE
0,NONE
0,NONE
0,NONE
0,NONE
0,NONE
0,NONE
0,NONE
0,NONE
0,NONE
0,NONE
0,NONE
0,NONE
0,NONE
0,NONE
0,NONE
0,NONE
0,NONE
0,NONE
0,NONE
0,NONE
0,NONE
0,NONE
0,NONE
0,NONE
0,NONE
0,NONE
0,NONE
0,NONE
0,NONE
0,NONE
0,NONE
0,NONE
0,NONE
0,NONE
0,NONE
0,NONE
0,NONE
0,NONE
0,NONE
0,NONE
0,NONE
0,NONE
0,NONE
0,NONE
0,NONE
0,NONE
0,NONE
0,NONE
0,NONE
0,NONE
0,NONE
0,NONE
0,NONE
0,NONE
0,NONE
0,NONE
0,NONE
0,NONE
0,NONE
0,NONE
0,NONE
0,NONE
0,NONE
0,NONE
0,NONE
0,NONE
0,NONE
0,NONE
0,NONE
0,NONE
0,NONE
0,NONE
0,NONE
0,NONE
0,NONE
0,NONE
0,NONE
0,NONE
0,NONE
0,NONE
0,NONE
0,NONE
0,NONE
0,NONE
0,NONE
0,NONE
0,NONE
0,NONE
0,NONE
0,NONE
0,NONE
0,NONE
0,NONE
0,NONE
0,NONE
0,NONE
0,NONE
0,NONE
0,NONE
0,NONE
0,NONE
0,NONE
0,NONE
0,NONE
0,NONE
0,NONE
0,NONE
0,NONE
0,NONE
0,NONE
0,NONE
0,NONE
0,NONE
0,NONE
0,NONE
0,NONE
0,NONE
0,NONE
0,NONE
0,NONE
0,NONE
0,NONE
0,NONE
0,NONE
0,NONE
0,NONE
0,NONE
0,NONE
0,NONE
0,NONE
0,NONE
0,NONE
0,NONE
0,NONE
0,NONE
0,NONE
0,NONE
0,NONE
0,NONE
0,NONE
0,NONE
0,NONE
0,NONE
0,NONE
0,NONE
0,NONE
0,NONE
0,NONE
0,NONE
0,NONE
0,NONE
0,NONE
0,NONE
0,NONE
0,NONE
0,NONE
0,NONE
0,NONE
0,NONE
0,NONE
0,NONE
0,NONE
0,NONE
0,NONE
0,NONE
0,NONE
0,NONE
0,NONE
0,NONE
0,NONE
0,NONE
0,NONE
0,NONE
0,NONE
0,NONE
0,NONE
0,NONE
0,NONE
0,NONE
0,NONE
0,NONE
0,NONE
0,NONE
0,NONE
0,NONE
0,NONE
0,NONE
0,NONE
0,NONE
0,NONE
0,NONE
0,NONE
0,NONE
0,NONE
0,NONE
0,NONE
0,NONE
0,NONE
0,NONE
0,NONE
0,NONE
0,NONE
0,NONE
0,NONE
0,NONE
0,NONE
0,NONE
0,NONE
0,NONE
0,NONE
0,NONE
0,NONE
0,NONE
0,NONE
0,NONE
0,NONE
0,NONE
0,NONE
0,NONE
0,NONE
0,NONE
0,NONE
0,NONE
0,NONE
0,NONE
0,NONE
0,NONE
0,NONE
0,NONE
0,NONE
0,NONE
0,NONE
0,NONE
0,NONE
0,NONE
0,NONE
0,NONE
0,NONE
0,NONE
0,NONE
0,NONE
0,NONE
0,NONE
0,NONE
0,NONE
0,NONE
0,NONE
0,NONE
0,NONE
0,NONE
0,NONE
0,NONE
0,NONE
0,NONE
0,NONE
0,NONE
0,NONE
0,NONE
0,NONE
0,NONE
0,NONE
0,NONE
0,NONE
0,NONE
0,NONE
0,NONE
0,NONE
0,NONE
0,NONE
0,NONE
0,NONE
0,NONE
0,NONE
0,NONE
0,NONE
0,NONE
0,NONE
0,NONE
0,NONE
0,NONE
0,NONE
0,NONE
0,NONE
0,NONE
0,NONE
0,NONE
0,NONE
0,NONE
0,NONE
0,NONE
0,NONE
0,NONE
0,NONE
0,NONE
0,NONE
0,NONE
0,NONE
0,NONE
0,NONE
0,NONE
0,NONE
0,NONE
0,NONE
0,NONE
0,NONE
0,NONE
0,NONE
0,NONE
0,NONE
0,NONE
0,NONE
0,NONE
0,NONE
0,NONE
0,NONE
0,NONE
0,NONE
0,NONE
0,NONE
0,NONE
0,NONE
0,NONE
0,NONE
0,NONE
0,NONE
0,NONE
0,NONE
0,NONE
0,NONE
0,NONE
0,NONE
0,NONE
0,NONE
0,NONE
0,NONE
0,NONE
0,NONE
0,NONE
0,NONE
0,NONE
0,NONE
0,NONE
0,NONE
0,NONE
0,NONE
0,NONE
0,NONE
0,NONE
0,NONE
0,NONE
0,NONE
0,NONE
0,NONE
0,NONE
0,NONE
0,NONE
0,NONE
0,NONE
0,NONE
0,NONE
0,NONE
0,NONE
0,NONE
0,NONE
0,NONE
0,NONE
0,NONE
0,NONE
0,NONE
0,NONE
0,NONE
0,NONE
0,NONE
0,NONE
0,NONE
0,NONE
0,NONE
0,NONE
0,NONE
0,NONE
0,NONE
0,NONE
0,NONE
0,NONE
0,NONE
0,NONE
0,NONE
0,NONE
0,NONE
0,NONE
0,NONE
0,NONE
0,NONE
0,NONE
0,NONE
0,NONE
0,NONE
0,NONE
0,NONE
0,NONE
0,NONE
0,NONE
0,NONE
0,NONE
0,NONE
0,NONE
0,NONE
0,NONE
0,NONE
0,NONE
0,NONE
0,NONE
0,NONE
0,NONE
0,NONE
0,NONE
0,NONE
0,NONE
0,NONE
0,NONE
0,NONE
0,NONE
0,NONE
0,NONE
0,NONE
0,NONE
0,NONE
0,NONE
0,NONE
0,NONE
0,NONE
0,NONE
0,NONE
0,NONE
0,NONE
0,NONE
0,NONE
0,NONE
0,NONE
0,NONE
0,NONE
0,NONE
0,NONE
0,NONE
0,NONE
0,NONE
0,NONE
0,NONE
0,NONE
0,NONE
0,NONE
0,NONE
0,NONE
0,NONE
0,NONE
0,NONE
0,NONE
0,NONE
0,NONE
0,NONE
0,NONE
0,NONE
0,NONE
0,NONE
0,NONE
0,NONE
0,NONE
0,NONE
0,NONE
0,NONE
0,NONE
0,NONE
0,NONE
0,NONE
0,NONE
0,NONE
0,NONE
0,NONE
0,NONE
0,NONE
0,NONE
0,NONE
0,NONE
0,NONE
0,NONE
0,NONE
0,NONE
0,NONE
0,NONE
0,NONE
0,NONE
0,NONE
0,NONE
0,NONE
0,NONE
0,NONE
0,NONE
0,NONE
0,NONE
0,NONE
0,NONE
0,NONE
0,NONE
0,NONE
0,NONE
0,NONE
0,NONE
0,NONE
0,NONE
0,NONE
0,NONE
0,NONE
0,NONE
0,NONE
0,NONE
0,NONE
0,NONE
0,NONE
0,NONE
0,NONE
0,NONE
0,NONE
0,NONE
0,NONE
0,NONE
0,NONE
0,NONE
0,NONE
0,NONE
0,NONE
0,NONE
0,NONE
0,NONE
0,NONE
0,NONE
0,NONE
0,NONE
0,NONE
0,NONE
0,NONE
0,NONE
0,NONE
0,NONE
0,NONE
0,NONE
0,NONE
0,NONE
0,NONE
0,NONE
0,NONE
0,NONE
0,NONE
0,NONE
0,NONE
0,NONE
0,NONE
0,NONE
0,NONE
0,NONE
0,NONE
0,NONE
0,NONE
0,NONE
0,NONE
0,NONE
0,NONE
0,NONE
0,NONE
0,NONE
0,NONE
0,NONE
0,NONE
0,NONE
0,NONE
0,NONE
0,NONE
0,NONE
0,NONE
0,NONE
0,NONE
0,NONE
0,NONE
0,NONE
0,NONE
0,NONE
0,NONE
0,NONE
0,NONE
0,NONE
0,NONE
0,NONE
0,NONE
0,NONE
0,NONE
0,NONE
0,NONE
0,NONE
0,NONE
0,NONE
0,NONE
0,NONE
0,NONE
0,NONE
0,NONE
0,NONE
0,NONE
0,NONE
0,NONE
0,NONE
0,NONE
0,NONE
0,NONE
0,NONE
1,50.77.215.177
1,50.77.215.177
1,50.77.215.177
1,50.77.215.177
1,50.77.215.177
1,50.77.215.177
1,50.77.215.177
1,50.77.215.177
1,50.77.215.177
1,50.77.215.177
1,50.77.215.177
1,50.77.215.177
1,50.77.215.177
1,50.77.215.177
1,50.77.215.177
1,50.77.215.177
1,50.77.215.177
1,50.77.215.177
1,50.77.215.177
1,50.77.215.177
1,50.77.215.177
1,50.77.215.177
1,50.77.215.177
1,50.77.215.177
1,50.77.215.177
1,50.77.215.177
1,50.77.215.177
1,50.77.215.177
1,50.77.215.177
1,50.77.215.177
1,50.77.215.177
1,50.77.215.177
1,50.77.215.177
1,50.77.215.177
1,50.77.215.177
1,50.77.215.177
1,50.77.215.177
1,50.77.215.177
1,50.77.215.177
1,50.77.215.177
1,50.77.215.177
1,50.77.215.177
1,50.77.215.177
1,50.77.215.177
1,50.77.215.177
1,50.77.215.177
1,50.77.215.177
1,50.77.215.177
1,50.77.215.177
1,50.77.215.177
1,50.77.215.177
1,50.77.215.177
1,50.77.215.177
1,50.77.215.177
1,50.77.215.177
1,50.77.215.177
1,50.77.215.177
1,50.77.215.177
1,50.77.215.177
1,50.77.215.177
1,50.77.215.177
1,50.77.215.177
1,50.77.215.177
1,50.77.215.177
1,50.77.215.177
1,50.77.215.177
1,50.77.215.177
1,50.77.215.177
1,50.77.215.177
1,50.77.215.177
1,50.77.215.177
1,50.77.215.177
1,50.77.215.177
1,50.77.215.177
1,50.77.215.177
1,50.77.215.177
1,50.77.215.177
1,50.77.215.177
1,50.77.215.177
1,50.77.215.177
1,50.77.215.177
1,50.77.215.177
1,50.77.215.177
1,50.77.215.177
1,50.77.215.177
1,50.77.215.177
1,50.77.215.177
1,50.77.215.177
1,50.77.215.177
1,50.77.215.177
1,50.77.215.177
1,50.77.215.177
1,50.77.215.177
1,50.77.215.177
1,50.77.215.177
1,50.77.215.177
1,50.77.215.177
1,50.77.215.177
1,50.77.215.177
1,50.77.215.177
1,50.77.215.177
1,50.77.215.177
1,50.77.215.177
1,50.77.215.177
1,50.77.215.177
1,50.77.215.177
1,50.77.215.177
1,50.77.215.177
1,50.77.215.177
1,50.77.215.177
1,50.77.215.177
1,50.77.215.177
1,50.77.215.177
1,50.77.215.177
1,50.77.215.177
1,50.77.215.177
1,50.77.215.177
1,50.77.215.177
1,50.77.215.177
1,50.77.215.177
1,50.77.215.177
1,50.77.215.177
1,50.77.215.177
1,50.77.215.177
1,50.77.215.177
0,NONE
1,50.77.215.177
0,NONE
0,NONE
1,50.77.215.177
1,50.77.215.177
1,50.77.215.177
1,50.77.215.177
1,50.77.215.177
1,50.77.215.177
0,NONE
0,NONE
1,50.77.215.177
0,NONE
0,NONE
1,50.77.215.177
1,50.77.215.177
1,50.77.215.177
1,50.77.215.177
1,50.77.215.177
1,50.77.215.177
1,50.77.215.177
1,50.77.215.177
0,NONE
0,NONE
1,50.77.215.177
1,50.77.215.177
1,50.77.215.177
1,50.77.215.177
1,50.77.215.177
1,50.77.215.177
1,50.77.215.177
0,NONE
1,50.77.215.177
1,50.77.215.177
1,50.77.215.177
1,50.77.215.177
0,NONE
1,50.77.215.177
1,50.77.215.177
1,50.77.215.177
1,50.77.215.177
1,50.77.215.177
1,50.77.215.177
1,50.77.215.177
1,50.77.215.177
1,50.77.215.177
1,50.77.215.177
1,50.77.215.177
1,50.77.215.177
1,50.77.215.177
1,50.77.215.177
1,50.77.215.177
1,50.77.215.177
1,50.77.215.177
1,50.77.215.177
1,50.77.215.177
1,50.77.215.177
1,50.77.215.177
1,50.77.215.177
0,NONE
1,50.77.215.177
1,50.77.215.177
1,50.77.215.177
1,50.77.215.177
1,50.77.215.177
1,50.77.215.177
0,NONE
1,50.77.215.177
0,NONE
0,NONE
0,NONE
1,50.77.215.177
1,50.77.215.177
0,NONE
1,50.77.215.177
1,50.77.215.177
1,50.77.215.177
1,50.77.215.177
1,50.77.215.177
1,50.77.215.177
1,50.77.215.177
0,NONE
0,NONE
0,NONE
0,NONE
0,NONE
1,50.77.215.177
0,NONE
0,NONE
0,NONE
1,50.77.215.177
1,50.77.215.177
1,50.77.215.177
1,50.77.215.177
1,50.77.215.177
1,50.77.215.177
1,50.77.215.177
1,50.77.215.177
1,50.77.215.177
1,50.77.215.177
0,NONE
1,50.77.215.177
0,NONE
1,50.77.215.177
1,50.77.215.177
1,50.77.215.177
1,50.77.215.177
1,50.77.215.177
1,50.77.215.177
1,50.77.215.177
1,50.77.215.177
